SUPPLY_ID,DESCRIPTION,VENDOR_ID,LOCATION_ID,PRODUCT_ID,SUPPLY_DATE,QTY,STATUS,METHOD,COST,FAB_LOC,FAB_PART_ID,LOT_ID,TECHNOLOGY,MASK_LAYERS,WAFER_SIZE,MAT_TYPE,PASSIVATION,BUMP_LOC,PROBE_LOC,DB_LOC,PACKAGE_FAMILY,PACKAGE,ASSY_LOC,TEST_LOC,DM_SPEC,DEMAND_ID,WIRE_COLOR,PROD_AREA,ALLOCATION
100-0025_5000_6010_29997.000,,-,5000,100-0025,-,29997.000,s,-,-,-,-,-,-,-,-,-,-,-,-,-,-,-,-,-,-,-,-,-,-
100-0086_2000_6010_1000000.000,,-,2000,100-0086,-,1000000.000,s,-,-,-,-,-,-,-,-,-,-,-,-,-,-,-,-,-,-,-,-,-,-
100-0088_2000_6010_90000.000,,-,2000,100-0088,-,90000.000,s,-,-,-,-,-,-,-,-,-,-,-,-,-,-,-,-,-,-,-,-,-,-
100-0108_1000_6010_120000.000,,-,1000,100-0108,-,120000.000,s,-,-,-,-,-,-,-,-,-,-,-,-,-,-,-,-,-,-,-,-,-,-
100-0108_1000_9023_226.000,,-,1000,100-0108,-,226.000,s,-,-,-,-,-,-,-,-,-,-,-,-,-,-,-,-,-,-,-,-,-,-
100-0116_2000_6010_576000.000,,-,2000,100-0116,-,576000.000,s,-,-,-,-,-,-,-,-,-,-,-,-,-,-,-,-,-,-,-,-,-,-
100-0141_1000_6010_80000.000,,-,1000,100-0141,-,80000.000,s,-,-,-,-,-,-,-,-,-,-,-,-,-,-,-,-,-,-,-,-,-,-
120-0143_2000_6010_100000.000,,-,2000,120-0143,-,100000.000,s,-,-,-,-,-,-,-,-,-,-,-,-,-,-,-,-,-,-,-,-,-,-
130-0077_2000_6010_20000.000,,-,2000,130-0077,-,20000.000,s,-,-,-,-,-,-,-,-,-,-,-,-,-,-,-,-,-,-,-,-,-,-
140-0338_1000_3020_357000.000,,-,1000,140-0338,-,357000.000,s,-,-,-,-,-,-,-,-,-,-,-,-,-,-,-,-,-,-,-,-,-,-
220-0230-015_1000_6010_33.000,,-,1000,220-0230-015,-,33.000,s,-,-,-,-,-,-,-,-,-,-,-,-,-,-,-,-,-,-,-,-,-,-
280-0425_2000_1016_2400.000,,-,2000,280-0425,-,2400.000,s,-,-,-,-,-,-,-,-,-,-,-,-,-,-,-,-,-,-,-,-,-,-
280-0425_2000_5010_57600.000,,-,2000,280-0425,-,57600.000,s,-,-,-,-,-,-,-,-,-,-,-,-,-,-,-,-,-,-,-,-,-,-
280-0425_2000_6010_200000.000,,-,2000,280-0425,-,200000.000,s,-,-,-,-,-,-,-,-,-,-,-,-,-,-,-,-,-,-,-,-,-,-
280-0695_2000_2016_24562.000,,-,2000,280-0695,-,24562.000,s,-,-,-,-,-,-,-,-,-,-,-,-,-,-,-,-,-,-,-,-,-,-
280-0848_2000_3016_8989.000,,-,2000,280-0848,-,8989.000,s,-,-,-,-,-,-,-,-,-,-,-,-,-,-,-,-,-,-,-,-,-,-
280-0848_2000_6010_53200.000,,-,2000,280-0848,-,53200.000,s,-,-,-,-,-,-,-,-,-,-,-,-,-,-,-,-,-,-,-,-,-,-
280-1011_1000_1016_5434.000,,-,1000,280-1011,-,5434.000,s,-,-,-,-,-,-,-,-,-,-,-,-,-,-,-,-,-,-,-,-,-,-
283-0019_2000_3016_51.000,,-,2000,283-0019,-,51.000,s,-,-,-,-,-,-,-,-,-,-,-,-,-,-,-,-,-,-,-,-,-,-
283-0098_1000_1016_53.000,,-,1000,283-0098,-,53.000,s,-,-,-,-,-,-,-,-,-,-,-,-,-,-,-,-,-,-,-,-,-,-
283-0098_1000_6010_1345.000,,-,1000,283-0098,-,1345.000,s,-,-,-,-,-,-,-,-,-,-,-,-,-,-,-,-,-,-,-,-,-,-
284-0001-40_2000_3016_499.000,,-,2000,284-0001-40,-,499.000,s,-,-,-,-,-,-,-,-,-,-,-,-,-,-,-,-,-,-,-,-,-,-
284-0001-40_2000_7010_3000.000,,-,2000,284-0001-40,-,3000.000,s,-,-,-,-,-,-,-,-,-,-,-,-,-,-,-,-,-,-,-,-,-,-
284-0014_2000_1016_200.000,,-,2000,284-0014,-,200.000,s,-,-,-,-,-,-,-,-,-,-,-,-,-,-,-,-,-,-,-,-,-,-
284-0014_2000_6010_40149.000,,-,2000,284-0014,-,40149.000,s,-,-,-,-,-,-,-,-,-,-,-,-,-,-,-,-,-,-,-,-,-,-
284-0089-20_2000_3016_4346.000,,-,2000,284-0089-20,-,4346.000,s,-,-,-,-,-,-,-,-,-,-,-,-,-,-,-,-,-,-,-,-,-,-
284-0089-20_2000_6010_5100.000,,-,2000,284-0089-20,-,5100.000,s,-,-,-,-,-,-,-,-,-,-,-,-,-,-,-,-,-,-,-,-,-,-
310-0369_2000_5016_5754.000,,-,2000,310-0369,-,5754.000,s,-,-,-,-,-,-,-,-,-,-,-,-,-,-,-,-,-,-,-,-,-,-
310-0369_2000_6010_7960.000,,-,2000,310-0369,-,7960.000,s,-,-,-,-,-,-,-,-,-,-,-,-,-,-,-,-,-,-,-,-,-,-
313-0001_2000_7016_21873.636,,-,2000,313-0001,-,21873.636,s,-,-,-,-,-,-,-,-,-,-,-,-,-,-,-,-,-,-,-,-,-,-
320-0109_1000_5016_827.000,,-,1000,320-0109,-,827.000,s,-,-,-,-,-,-,-,-,-,-,-,-,-,-,-,-,-,-,-,-,-,-
500-4236-007_1000_3019_934.000,,-,1000,500-4236-007,-,934.000,s,-,-,-,-,-,-,-,-,-,-,-,-,-,-,-,-,-,-,-,-,-,-
500-4955_2000_3019_283.000,,-,2000,500-4955,-,283.000,s,-,-,-,-,-,-,-,-,-,-,-,-,-,-,-,-,-,-,-,-,-,-
500-4956_2000_3019_66.000,,-,2000,500-4956,-,66.000,s,-,-,-,-,-,-,-,-,-,-,-,-,-,-,-,-,-,-,-,-,-,-
500-5594_2000_3019_738.000,,-,2000,500-5594,-,738.000,s,-,-,-,-,-,-,-,-,-,-,-,-,-,-,-,-,-,-,-,-,-,-
500-6099_1000_2019_86.000,,-,1000,500-6099,-,86.000,s,-,-,-,-,-,-,-,-,-,-,-,-,-,-,-,-,-,-,-,-,-,-
910-0866_1000_5016_10260.000,,-,1000,910-0866,-,10260.000,s,-,-,-,-,-,-,-,-,-,-,-,-,-,-,-,-,-,-,-,-,-,-
100-0143_5000_6010_39997.000,,-,5000,100-0143,-,39997.000,s,-,-,-,-,-,-,-,-,-,-,-,-,-,-,-,-,-,-,-,-,-,-
100-0285_1000_6010_3306.000,,-,1000,100-0285,-,3306.000,s,-,-,-,-,-,-,-,-,-,-,-,-,-,-,-,-,-,-,-,-,-,-
100-0285_1000_9023_61099.000,,-,1000,100-0285,-,61099.000,s,-,-,-,-,-,-,-,-,-,-,-,-,-,-,-,-,-,-,-,-,-,-
101-0001_2000_1016_7664.000,,-,2000,101-0001,-,7664.000,s,-,-,-,-,-,-,-,-,-,-,-,-,-,-,-,-,-,-,-,-,-,-
101-0001_2000_6010_189297.000,,-,2000,101-0001,-,189297.000,s,-,-,-,-,-,-,-,-,-,-,-,-,-,-,-,-,-,-,-,-,-,-
110-0214_1000_6010_110000.000,,-,1000,110-0214,-,110000.000,s,-,-,-,-,-,-,-,-,-,-,-,-,-,-,-,-,-,-,-,-,-,-
110-0570_1000_7010_130000.000,,-,1000,110-0570,-,130000.000,s,-,-,-,-,-,-,-,-,-,-,-,-,-,-,-,-,-,-,-,-,-,-
110-0603_1000_6010_370000.000,,-,1000,110-0603,-,370000.000,s,-,-,-,-,-,-,-,-,-,-,-,-,-,-,-,-,-,-,-,-,-,-
120-0128_1000_9023_30000.000,,-,1000,120-0128,-,30000.000,s,-,-,-,-,-,-,-,-,-,-,-,-,-,-,-,-,-,-,-,-,-,-
140-0628_2000_3020_15000.000,,-,2000,140-0628,-,15000.000,s,-,-,-,-,-,-,-,-,-,-,-,-,-,-,-,-,-,-,-,-,-,-
140-0851_1000_7010_5967.000,,-,1000,140-0851,-,5967.000,s,-,-,-,-,-,-,-,-,-,-,-,-,-,-,-,-,-,-,-,-,-,-
280-0213_2000_1016_873.000,,-,2000,280-0213,-,873.000,s,-,-,-,-,-,-,-,-,-,-,-,-,-,-,-,-,-,-,-,-,-,-
280-0213_2000_5010_4000.000,,-,2000,280-0213,-,4000.000,s,-,-,-,-,-,-,-,-,-,-,-,-,-,-,-,-,-,-,-,-,-,-
280-0431_2000_3016_19089.000,,-,2000,280-0431,-,19089.000,s,-,-,-,-,-,-,-,-,-,-,-,-,-,-,-,-,-,-,-,-,-,-
280-0489_2000_3016_9355.000,,-,2000,280-0489,-,9355.000,s,-,-,-,-,-,-,-,-,-,-,-,-,-,-,-,-,-,-,-,-,-,-
280-0655_1000_9023_74643.000,,-,1000,280-0655,-,74643.000,s,-,-,-,-,-,-,-,-,-,-,-,-,-,-,-,-,-,-,-,-,-,-
281-0009_2000_2016_3707.000,,-,2000,281-0009,-,3707.000,s,-,-,-,-,-,-,-,-,-,-,-,-,-,-,-,-,-,-,-,-,-,-
282-0040_2000_3016_500.000,,-,2000,282-0040,-,500.000,s,-,-,-,-,-,-,-,-,-,-,-,-,-,-,-,-,-,-,-,-,-,-
282-0333_2000_3016_6101.000,,-,2000,282-0333,-,6101.000,s,-,-,-,-,-,-,-,-,-,-,-,-,-,-,-,-,-,-,-,-,-,-
283-0110-31_2000_1016_2062.000,,-,2000,283-0110-31,-,2062.000,s,-,-,-,-,-,-,-,-,-,-,-,-,-,-,-,-,-,-,-,-,-,-
283-0110-31_2000_3020_18105.000,,-,2000,283-0110-31,-,18105.000,s,-,-,-,-,-,-,-,-,-,-,-,-,-,-,-,-,-,-,-,-,-,-
283-0110-31_2000_6010_13123.000,,-,2000,283-0110-31,-,13123.000,s,-,-,-,-,-,-,-,-,-,-,-,-,-,-,-,-,-,-,-,-,-,-
284-0001-40_1000_6010_9490.000,,-,1000,284-0001-40,-,9490.000,s,-,-,-,-,-,-,-,-,-,-,-,-,-,-,-,-,-,-,-,-,-,-
285-0109_2000_1016_268.000,,-,2000,285-0109,-,268.000,s,-,-,-,-,-,-,-,-,-,-,-,-,-,-,-,-,-,-,-,-,-,-
285-0109_2000_6010_37611.000,,-,2000,285-0109,-,37611.000,s,-,-,-,-,-,-,-,-,-,-,-,-,-,-,-,-,-,-,-,-,-,-
302-0004_2000_5016_59600.000,,-,2000,302-0004,-,59600.000,s,-,-,-,-,-,-,-,-,-,-,-,-,-,-,-,-,-,-,-,-,-,-
310-0147_1000_7016_5688.481,,-,1000,310-0147,-,5688.481,s,-,-,-,-,-,-,-,-,-,-,-,-,-,-,-,-,-,-,-,-,-,-
310-0368_1000_7016_3323.434,,-,1000,310-0368,-,3323.434,s,-,-,-,-,-,-,-,-,-,-,-,-,-,-,-,-,-,-,-,-,-,-
310-0485_2000_7016_39241.836,,-,2000,310-0485,-,39241.836,s,-,-,-,-,-,-,-,-,-,-,-,-,-,-,-,-,-,-,-,-,-,-
313-0001_1000_7016_1168.976,,-,1000,313-0001,-,1168.976,s,-,-,-,-,-,-,-,-,-,-,-,-,-,-,-,-,-,-,-,-,-,-
313-0039_2000_7016_147454.755,,-,2000,313-0039,-,147454.755,s,-,-,-,-,-,-,-,-,-,-,-,-,-,-,-,-,-,-,-,-,-,-
321-0058_2000_3016_10218.000,,-,2000,321-0058,-,10218.000,s,-,-,-,-,-,-,-,-,-,-,-,-,-,-,-,-,-,-,-,-,-,-
341-0027_2000_2016_4666.000,,-,2000,341-0027,-,4666.000,s,-,-,-,-,-,-,-,-,-,-,-,-,-,-,-,-,-,-,-,-,-,-
500-3264-010_1000_3019_1.000,,-,1000,500-3264-010,-,1.000,s,-,-,-,-,-,-,-,-,-,-,-,-,-,-,-,-,-,-,-,-,-,-
500-4235-005_1000_3019_14.000,,-,1000,500-4235-005,-,14.000,s,-,-,-,-,-,-,-,-,-,-,-,-,-,-,-,-,-,-,-,-,-,-
500-4618-003_1000_2019_10.000,,-,1000,500-4618-003,-,10.000,s,-,-,-,-,-,-,-,-,-,-,-,-,-,-,-,-,-,-,-,-,-,-
500-5522_1000_3013_1.000,,-,1000,500-5522,-,1.000,s,-,-,-,-,-,-,-,-,-,-,-,-,-,-,-,-,-,-,-,-,-,-
500-5522_1000_3026_1.000,,-,1000,500-5522,-,1.000,s,-,-,-,-,-,-,-,-,-,-,-,-,-,-,-,-,-,-,-,-,-,-
500-5990_2000_3019_1.000,,-,2000,500-5990,-,1.000,s,-,-,-,-,-,-,-,-,-,-,-,-,-,-,-,-,-,-,-,-,-,-
500-6201_2000_3019_2.000,,-,2000,500-6201,-,2.000,s,-,-,-,-,-,-,-,-,-,-,-,-,-,-,-,-,-,-,-,-,-,-
500-6253_1000_2013_171.000,,-,1000,500-6253,-,171.000,s,-,-,-,-,-,-,-,-,-,-,-,-,-,-,-,-,-,-,-,-,-,-
100-0062_2000_6010_990000.000,,-,2000,100-0062,-,990000.000,s,-,-,-,-,-,-,-,-,-,-,-,-,-,-,-,-,-,-,-,-,-,-
100-0228_1000_9023_38454.000,,-,1000,100-0228,-,38454.000,s,-,-,-,-,-,-,-,-,-,-,-,-,-,-,-,-,-,-,-,-,-,-
110-0296_1000_9023_4984.000,,-,1000,110-0296,-,4984.000,s,-,-,-,-,-,-,-,-,-,-,-,-,-,-,-,-,-,-,-,-,-,-
140-0345_2000_6010_34683.000,,-,2000,140-0345,-,34683.000,s,-,-,-,-,-,-,-,-,-,-,-,-,-,-,-,-,-,-,-,-,-,-
140-0547_1000_1016_477.000,,-,1000,140-0547,-,477.000,s,-,-,-,-,-,-,-,-,-,-,-,-,-,-,-,-,-,-,-,-,-,-
140-0547_1000_6010_19701.000,,-,1000,140-0547,-,19701.000,s,-,-,-,-,-,-,-,-,-,-,-,-,-,-,-,-,-,-,-,-,-,-
140-0547_1000_7010_20043.000,,-,1000,140-0547,-,20043.000,s,-,-,-,-,-,-,-,-,-,-,-,-,-,-,-,-,-,-,-,-,-,-
280-0698_2000_3016_2850.000,,-,2000,280-0698,-,2850.000,s,-,-,-,-,-,-,-,-,-,-,-,-,-,-,-,-,-,-,-,-,-,-
280-0897_2000_2016_875.000,,-,2000,280-0897,-,875.000,s,-,-,-,-,-,-,-,-,-,-,-,-,-,-,-,-,-,-,-,-,-,-
280-0897_2000_6010_81500.000,,-,2000,280-0897,-,81500.000,s,-,-,-,-,-,-,-,-,-,-,-,-,-,-,-,-,-,-,-,-,-,-
280-1018_1000_7010_16004.000,,-,1000,280-1018,-,16004.000,s,-,-,-,-,-,-,-,-,-,-,-,-,-,-,-,-,-,-,-,-,-,-
280-1480-29_2000_1016_1028.000,,-,2000,280-1480-29,-,1028.000,s,-,-,-,-,-,-,-,-,-,-,-,-,-,-,-,-,-,-,-,-,-,-
280-1480-31_2000_1016_332.000,,-,2000,280-1480-31,-,332.000,s,-,-,-,-,-,-,-,-,-,-,-,-,-,-,-,-,-,-,-,-,-,-
283-0110-27_2000_1016_4426.000,,-,2000,283-0110-27,-,4426.000,s,-,-,-,-,-,-,-,-,-,-,-,-,-,-,-,-,-,-,-,-,-,-
283-0110-27_2000_3020_12127.000,,-,2000,283-0110-27,-,12127.000,s,-,-,-,-,-,-,-,-,-,-,-,-,-,-,-,-,-,-,-,-,-,-
283-0110-27_2000_6010_11324.000,,-,2000,283-0110-27,-,11324.000,s,-,-,-,-,-,-,-,-,-,-,-,-,-,-,-,-,-,-,-,-,-,-
283-0111_2000_6010_1079.000,,-,2000,283-0111,-,1079.000,s,-,-,-,-,-,-,-,-,-,-,-,-,-,-,-,-,-,-,-,-,-,-
302-0007_2000_5016_126502.000,,-,2000,302-0007,-,126502.000,s,-,-,-,-,-,-,-,-,-,-,-,-,-,-,-,-,-,-,-,-,-,-
302-0007_2000_9023_588.000,,-,2000,302-0007,-,588.000,s,-,-,-,-,-,-,-,-,-,-,-,-,-,-,-,-,-,-,-,-,-,-
310-0063_2000_7016_2416.906,,-,2000,310-0063,-,2416.906,s,-,-,-,-,-,-,-,-,-,-,-,-,-,-,-,-,-,-,-,-,-,-
310-0104_2000_7016_41469.161,,-,2000,310-0104,-,41469.161,s,-,-,-,-,-,-,-,-,-,-,-,-,-,-,-,-,-,-,-,-,-,-
310-0166_1000_5016_2460.000,,-,1000,310-0166,-,2460.000,s,-,-,-,-,-,-,-,-,-,-,-,-,-,-,-,-,-,-,-,-,-,-
310-0166_1000_7010_5591.000,,-,1000,310-0166,-,5591.000,s,-,-,-,-,-,-,-,-,-,-,-,-,-,-,-,-,-,-,-,-,-,-
310-0238_1000_7016_2254.311,,-,1000,310-0238,-,2254.311,s,-,-,-,-,-,-,-,-,-,-,-,-,-,-,-,-,-,-,-,-,-,-
310-0282_2000_7016_137.140,,-,2000,310-0282,-,137.140,s,-,-,-,-,-,-,-,-,-,-,-,-,-,-,-,-,-,-,-,-,-,-
310-0357_1000_6010_459.000,,-,1000,310-0357,-,459.000,s,-,-,-,-,-,-,-,-,-,-,-,-,-,-,-,-,-,-,-,-,-,-
310-0370_2000_5016_4251.000,,-,2000,310-0370,-,4251.000,s,-,-,-,-,-,-,-,-,-,-,-,-,-,-,-,-,-,-,-,-,-,-
310-0370_2000_9023_195157.000,,-,2000,310-0370,-,195157.000,s,-,-,-,-,-,-,-,-,-,-,-,-,-,-,-,-,-,-,-,-,-,-
310-0401_1000_6010_30000.000,,-,1000,310-0401,-,30000.000,s,-,-,-,-,-,-,-,-,-,-,-,-,-,-,-,-,-,-,-,-,-,-
321-0057_2000_3016_13705.000,,-,2000,321-0057,-,13705.000,s,-,-,-,-,-,-,-,-,-,-,-,-,-,-,-,-,-,-,-,-,-,-
350-0207_2000_7016_82000.000,,-,2000,350-0207,-,82000.000,s,-,-,-,-,-,-,-,-,-,-,-,-,-,-,-,-,-,-,-,-,-,-
500-4235-007_1000_3019_699.000,,-,1000,500-4235-007,-,699.000,s,-,-,-,-,-,-,-,-,-,-,-,-,-,-,-,-,-,-,-,-,-,-
500-4235-007_1000_3025_6.000,,-,1000,500-4235-007,-,6.000,s,-,-,-,-,-,-,-,-,-,-,-,-,-,-,-,-,-,-,-,-,-,-
500-4236-003_1000_3019_11.000,,-,1000,500-4236-003,-,11.000,s,-,-,-,-,-,-,-,-,-,-,-,-,-,-,-,-,-,-,-,-,-,-
500-5481_1000_2019_6735.000,,-,1000,500-5481,-,6735.000,s,-,-,-,-,-,-,-,-,-,-,-,-,-,-,-,-,-,-,-,-,-,-
500-5481_1000_3013_30.000,,-,1000,500-5481,-,30.000,s,-,-,-,-,-,-,-,-,-,-,-,-,-,-,-,-,-,-,-,-,-,-
500-5481_1000_5016_2382.000,,-,1000,500-5481,-,2382.000,s,-,-,-,-,-,-,-,-,-,-,-,-,-,-,-,-,-,-,-,-,-,-
500-5601_1000_2019_213.000,,-,1000,500-5601,-,213.000,s,-,-,-,-,-,-,-,-,-,-,-,-,-,-,-,-,-,-,-,-,-,-
500-6207_2000_2013_3.000,,-,2000,500-6207,-,3.000,s,-,-,-,-,-,-,-,-,-,-,-,-,-,-,-,-,-,-,-,-,-,-
504-1877_2000_1016_4586.000,,-,2000,504-1877,-,4586.000,s,-,-,-,-,-,-,-,-,-,-,-,-,-,-,-,-,-,-,-,-,-,-
504-1877_2000_6010_7573.000,,-,2000,504-1877,-,7573.000,s,-,-,-,-,-,-,-,-,-,-,-,-,-,-,-,-,-,-,-,-,-,-
100-0024_2000_6010_1245000.000,,-,2000,100-0024,-,1245000.000,s,-,-,-,-,-,-,-,-,-,-,-,-,-,-,-,-,-,-,-,-,-,-
100-0025_2000_6010_30000.000,,-,2000,100-0025,-,30000.000,s,-,-,-,-,-,-,-,-,-,-,-,-,-,-,-,-,-,-,-,-,-,-
101-0001_1000_6010_61911.000,,-,1000,101-0001,-,61911.000,s,-,-,-,-,-,-,-,-,-,-,-,-,-,-,-,-,-,-,-,-,-,-
110-0019_1000_6010_10000.000,,-,1000,110-0019,-,10000.000,s,-,-,-,-,-,-,-,-,-,-,-,-,-,-,-,-,-,-,-,-,-,-
140-0848_2000_3016_15905.000,,-,2000,140-0848,-,15905.000,s,-,-,-,-,-,-,-,-,-,-,-,-,-,-,-,-,-,-,-,-,-,-
140-0848_2000_6010_62469.000,,-,2000,140-0848,-,62469.000,s,-,-,-,-,-,-,-,-,-,-,-,-,-,-,-,-,-,-,-,-,-,-
140-0851_2000_1016_1018.000,,-,2000,140-0851,-,1018.000,s,-,-,-,-,-,-,-,-,-,-,-,-,-,-,-,-,-,-,-,-,-,-
140-0851_2000_3020_27000.000,,-,2000,140-0851,-,27000.000,s,-,-,-,-,-,-,-,-,-,-,-,-,-,-,-,-,-,-,-,-,-,-
220-0230-005_1000_6010_16.000,,-,1000,220-0230-005,-,16.000,s,-,-,-,-,-,-,-,-,-,-,-,-,-,-,-,-,-,-,-,-,-,-
220-0230-0P5_1000_6010_49.000,,-,1000,220-0230-0P5,-,49.000,s,-,-,-,-,-,-,-,-,-,-,-,-,-,-,-,-,-,-,-,-,-,-
280-0213_1000_6010_153.000,,-,1000,280-0213,-,153.000,s,-,-,-,-,-,-,-,-,-,-,-,-,-,-,-,-,-,-,-,-,-,-
280-0654_1000_3020_40559.000,,-,1000,280-0654,-,40559.000,s,-,-,-,-,-,-,-,-,-,-,-,-,-,-,-,-,-,-,-,-,-,-
280-0898_2000_2016_7720.000,,-,2000,280-0898,-,7720.000,s,-,-,-,-,-,-,-,-,-,-,-,-,-,-,-,-,-,-,-,-,-,-
283-0110-33_1000_7010_11744.000,,-,1000,283-0110-33,-,11744.000,s,-,-,-,-,-,-,-,-,-,-,-,-,-,-,-,-,-,-,-,-,-,-
284-0089-50_1000_7010_510.000,,-,1000,284-0089-50,-,510.000,s,-,-,-,-,-,-,-,-,-,-,-,-,-,-,-,-,-,-,-,-,-,-
300-0145_1000_6010_23588.000,,-,1000,300-0145,-,23588.000,s,-,-,-,-,-,-,-,-,-,-,-,-,-,-,-,-,-,-,-,-,-,-
300-0313_2000_6010_10.000,,-,2000,300-0313,-,10.000,s,-,-,-,-,-,-,-,-,-,-,-,-,-,-,-,-,-,-,-,-,-,-
300-0355_1000_5016_62.000,,-,1000,300-0355,-,62.000,s,-,-,-,-,-,-,-,-,-,-,-,-,-,-,-,-,-,-,-,-,-,-
301-0016_2000_3016_785.000,,-,2000,301-0016,-,785.000,s,-,-,-,-,-,-,-,-,-,-,-,-,-,-,-,-,-,-,-,-,-,-
310-0063_1000_7016_8979.490,,-,1000,310-0063,-,8979.490,s,-,-,-,-,-,-,-,-,-,-,-,-,-,-,-,-,-,-,-,-,-,-
310-0109_2000_7016_889.693,,-,2000,310-0109,-,889.693,s,-,-,-,-,-,-,-,-,-,-,-,-,-,-,-,-,-,-,-,-,-,-
310-0147_2000_7016_45924.791,,-,2000,310-0147,-,45924.791,s,-,-,-,-,-,-,-,-,-,-,-,-,-,-,-,-,-,-,-,-,-,-
310-0282_1000_7016_257.321,,-,1000,310-0282,-,257.321,s,-,-,-,-,-,-,-,-,-,-,-,-,-,-,-,-,-,-,-,-,-,-
310-0362_1000_5016_2109.000,,-,1000,310-0362,-,2109.000,s,-,-,-,-,-,-,-,-,-,-,-,-,-,-,-,-,-,-,-,-,-,-
310-0368_2000_7016_6582.950,,-,2000,310-0368,-,6582.950,s,-,-,-,-,-,-,-,-,-,-,-,-,-,-,-,-,-,-,-,-,-,-
310-0505_1000_9023_115.000,,-,1000,310-0505,-,115.000,s,-,-,-,-,-,-,-,-,-,-,-,-,-,-,-,-,-,-,-,-,-,-
311-0183_2000_9023_159000.000,,-,2000,311-0183,-,159000.000,s,-,-,-,-,-,-,-,-,-,-,-,-,-,-,-,-,-,-,-,-,-,-
311-0207_1000_5016_465.000,,-,1000,311-0207,-,465.000,s,-,-,-,-,-,-,-,-,-,-,-,-,-,-,-,-,-,-,-,-,-,-
311-0207_1000_7010_2420.000,,-,1000,311-0207,-,2420.000,s,-,-,-,-,-,-,-,-,-,-,-,-,-,-,-,-,-,-,-,-,-,-
311-0260_2000_1016_332.000,,-,2000,311-0260,-,332.000,s,-,-,-,-,-,-,-,-,-,-,-,-,-,-,-,-,-,-,-,-,-,-
311-0276_2000_5016_9925.000,,-,2000,311-0276,-,9925.000,s,-,-,-,-,-,-,-,-,-,-,-,-,-,-,-,-,-,-,-,-,-,-
311-0276_2000_6010_82000.000,,-,2000,311-0276,-,82000.000,s,-,-,-,-,-,-,-,-,-,-,-,-,-,-,-,-,-,-,-,-,-,-
313-0010_2000_7016_15534.715,,-,2000,313-0010,-,15534.715,s,-,-,-,-,-,-,-,-,-,-,-,-,-,-,-,-,-,-,-,-,-,-
313-0039_1000_7016_241356.089,,-,1000,313-0039,-,241356.089,s,-,-,-,-,-,-,-,-,-,-,-,-,-,-,-,-,-,-,-,-,-,-
313-0068_2000_7016_41281.661,,-,2000,313-0068,-,41281.661,s,-,-,-,-,-,-,-,-,-,-,-,-,-,-,-,-,-,-,-,-,-,-
320-0328_2000_3016_59383.000,,-,2000,320-0328,-,59383.000,s,-,-,-,-,-,-,-,-,-,-,-,-,-,-,-,-,-,-,-,-,-,-
320-0759_2000_3016_2497.000,,-,2000,320-0759,-,2497.000,s,-,-,-,-,-,-,-,-,-,-,-,-,-,-,-,-,-,-,-,-,-,-
350-0206_2000_7016_37000.000,,-,2000,350-0206,-,37000.000,s,-,-,-,-,-,-,-,-,-,-,-,-,-,-,-,-,-,-,-,-,-,-
500-4235-003_1000_3019_16.000,,-,1000,500-4235-003,-,16.000,s,-,-,-,-,-,-,-,-,-,-,-,-,-,-,-,-,-,-,-,-,-,-
500-4954_2000_3019_22.000,,-,2000,500-4954,-,22.000,s,-,-,-,-,-,-,-,-,-,-,-,-,-,-,-,-,-,-,-,-,-,-
500-5703_1000_2019_417.000,,-,1000,500-5703,-,417.000,s,-,-,-,-,-,-,-,-,-,-,-,-,-,-,-,-,-,-,-,-,-,-
500-5703_1000_3013_160.000,,-,1000,500-5703,-,160.000,s,-,-,-,-,-,-,-,-,-,-,-,-,-,-,-,-,-,-,-,-,-,-
500-5703_1000_5016_91.000,,-,1000,500-5703,-,91.000,s,-,-,-,-,-,-,-,-,-,-,-,-,-,-,-,-,-,-,-,-,-,-
500-7041_2000_5016_1738.000,,-,2000,500-7041,-,1738.000,s,-,-,-,-,-,-,-,-,-,-,-,-,-,-,-,-,-,-,-,-,-,-
500-7115_1000_2019_980.000,,-,1000,500-7115,-,980.000,s,-,-,-,-,-,-,-,-,-,-,-,-,-,-,-,-,-,-,-,-,-,-
504-1694_1000_7010_12177.000,,-,1000,504-1694,-,12177.000,s,-,-,-,-,-,-,-,-,-,-,-,-,-,-,-,-,-,-,-,-,-,-
100-0024_5000_6010_179997.000,,-,5000,100-0024,-,179997.000,s,-,-,-,-,-,-,-,-,-,-,-,-,-,-,-,-,-,-,-,-,-,-
100-0086_5000_6010_419994.000,,-,5000,100-0086,-,419994.000,s,-,-,-,-,-,-,-,-,-,-,-,-,-,-,-,-,-,-,-,-,-,-
100-0088_5000_6010_44997.000,,-,5000,100-0088,-,44997.000,s,-,-,-,-,-,-,-,-,-,-,-,-,-,-,-,-,-,-,-,-,-,-
100-0116_5000_6010_127997.000,,-,5000,100-0116,-,127997.000,s,-,-,-,-,-,-,-,-,-,-,-,-,-,-,-,-,-,-,-,-,-,-
110-0083_1000_6010_130000.000,,-,1000,110-0083,-,130000.000,s,-,-,-,-,-,-,-,-,-,-,-,-,-,-,-,-,-,-,-,-,-,-
110-0308_1000_6010_10000.000,,-,1000,110-0308,-,10000.000,s,-,-,-,-,-,-,-,-,-,-,-,-,-,-,-,-,-,-,-,-,-,-
110-0730_1000_7010_10000.000,,-,1000,110-0730,-,10000.000,s,-,-,-,-,-,-,-,-,-,-,-,-,-,-,-,-,-,-,-,-,-,-
130-0077_5000_6010_10000.000,,-,5000,130-0077,-,10000.000,s,-,-,-,-,-,-,-,-,-,-,-,-,-,-,-,-,-,-,-,-,-,-
140-0345_1000_9023_60000.000,,-,1000,140-0345,-,60000.000,s,-,-,-,-,-,-,-,-,-,-,-,-,-,-,-,-,-,-,-,-,-,-
140-0547_2000_1016_723.000,,-,2000,140-0547,-,723.000,s,-,-,-,-,-,-,-,-,-,-,-,-,-,-,-,-,-,-,-,-,-,-
140-0547_2000_6010_8864.000,,-,2000,140-0547,-,8864.000,s,-,-,-,-,-,-,-,-,-,-,-,-,-,-,-,-,-,-,-,-,-,-
140-0849_2000_3016_18468.000,,-,2000,140-0849,-,18468.000,s,-,-,-,-,-,-,-,-,-,-,-,-,-,-,-,-,-,-,-,-,-,-
160-1132_1000_9023_27399.000,,-,1000,160-1132,-,27399.000,s,-,-,-,-,-,-,-,-,-,-,-,-,-,-,-,-,-,-,-,-,-,-
220-0227_2000_3016_741.000,,-,2000,220-0227,-,741.000,s,-,-,-,-,-,-,-,-,-,-,-,-,-,-,-,-,-,-,-,-,-,-
220-0227_2000_6010_901.000,,-,2000,220-0227,-,901.000,s,-,-,-,-,-,-,-,-,-,-,-,-,-,-,-,-,-,-,-,-,-,-
280-0650_1000_6010_200.000,,-,1000,280-0650,-,200.000,s,-,-,-,-,-,-,-,-,-,-,-,-,-,-,-,-,-,-,-,-,-,-
280-0654_2000_3016_2212.000,,-,2000,280-0654,-,2212.000,s,-,-,-,-,-,-,-,-,-,-,-,-,-,-,-,-,-,-,-,-,-,-
280-0654_2000_6010_724.000,,-,2000,280-0654,-,724.000,s,-,-,-,-,-,-,-,-,-,-,-,-,-,-,-,-,-,-,-,-,-,-
280-0845-050_1000_9023_50.000,,-,1000,280-0845-050,-,50.000,s,-,-,-,-,-,-,-,-,-,-,-,-,-,-,-,-,-,-,-,-,-,-
280-0897_1000_7010_21300.000,,-,1000,280-0897,-,21300.000,s,-,-,-,-,-,-,-,-,-,-,-,-,-,-,-,-,-,-,-,-,-,-
280-1480-33_2000_1016_301.000,,-,2000,280-1480-33,-,301.000,s,-,-,-,-,-,-,-,-,-,-,-,-,-,-,-,-,-,-,-,-,-,-
280-1595_2000_1016_11018.000,,-,2000,280-1595,-,11018.000,s,-,-,-,-,-,-,-,-,-,-,-,-,-,-,-,-,-,-,-,-,-,-
280-2019-CD_2000_2016_7569.000,,-,2000,280-2019-CD,-,7569.000,s,-,-,-,-,-,-,-,-,-,-,-,-,-,-,-,-,-,-,-,-,-,-
283-0110-29_2000_1016_2395.000,,-,2000,283-0110-29,-,2395.000,s,-,-,-,-,-,-,-,-,-,-,-,-,-,-,-,-,-,-,-,-,-,-
283-0110-29_2000_3020_24937.000,,-,2000,283-0110-29,-,24937.000,s,-,-,-,-,-,-,-,-,-,-,-,-,-,-,-,-,-,-,-,-,-,-
283-0110-29_2000_6010_3968.000,,-,2000,283-0110-29,-,3968.000,s,-,-,-,-,-,-,-,-,-,-,-,-,-,-,-,-,-,-,-,-,-,-
283-0110-33_2000_1016_2107.000,,-,2000,283-0110-33,-,2107.000,s,-,-,-,-,-,-,-,-,-,-,-,-,-,-,-,-,-,-,-,-,-,-
283-0110-33_2000_3020_20081.000,,-,2000,283-0110-33,-,20081.000,s,-,-,-,-,-,-,-,-,-,-,-,-,-,-,-,-,-,-,-,-,-,-
283-0110-33_2000_6010_5626.000,,-,2000,283-0110-33,-,5626.000,s,-,-,-,-,-,-,-,-,-,-,-,-,-,-,-,-,-,-,-,-,-,-
284-0084-20_2000_3016_3127.000,,-,2000,284-0084-20,-,3127.000,s,-,-,-,-,-,-,-,-,-,-,-,-,-,-,-,-,-,-,-,-,-,-
284-0084-20_2000_VM01_4549.000,,-,2000,284-0084-20,-,4549.000,s,-,-,-,-,-,-,-,-,-,-,-,-,-,-,-,-,-,-,-,-,-,-
285-0012_2000_1016_21553.000,,-,2000,285-0012,-,21553.000,s,-,-,-,-,-,-,-,-,-,-,-,-,-,-,-,-,-,-,-,-,-,-
285-0012_2000_6010_203263.000,,-,2000,285-0012,-,203263.000,s,-,-,-,-,-,-,-,-,-,-,-,-,-,-,-,-,-,-,-,-,-,-
310-0238_2000_7016_943.416,,-,2000,310-0238,-,943.416,s,-,-,-,-,-,-,-,-,-,-,-,-,-,-,-,-,-,-,-,-,-,-
310-0284_2000_7016_2334.632,,-,2000,310-0284,-,2334.632,s,-,-,-,-,-,-,-,-,-,-,-,-,-,-,-,-,-,-,-,-,-,-
310-0370_1000_5016_1585.000,,-,1000,310-0370,-,1585.000,s,-,-,-,-,-,-,-,-,-,-,-,-,-,-,-,-,-,-,-,-,-,-
310-0370_1000_9023_19000.000,,-,1000,310-0370,-,19000.000,s,-,-,-,-,-,-,-,-,-,-,-,-,-,-,-,-,-,-,-,-,-,-
310-0376_2000_5016_161.000,,-,2000,310-0376,-,161.000,s,-,-,-,-,-,-,-,-,-,-,-,-,-,-,-,-,-,-,-,-,-,-
310-0440_2000_5016_4054.000,,-,2000,310-0440,-,4054.000,s,-,-,-,-,-,-,-,-,-,-,-,-,-,-,-,-,-,-,-,-,-,-
310-0440_2000_6010_7015.000,,-,2000,310-0440,-,7015.000,s,-,-,-,-,-,-,-,-,-,-,-,-,-,-,-,-,-,-,-,-,-,-
310-0494-001_1000_6010_114.000,,-,1000,310-0494-001,-,114.000,s,-,-,-,-,-,-,-,-,-,-,-,-,-,-,-,-,-,-,-,-,-,-
311-0207_2000_5016_1797.000,,-,2000,311-0207,-,1797.000,s,-,-,-,-,-,-,-,-,-,-,-,-,-,-,-,-,-,-,-,-,-,-
311-0207_2000_7010_605.000,,-,2000,311-0207,-,605.000,s,-,-,-,-,-,-,-,-,-,-,-,-,-,-,-,-,-,-,-,-,-,-
313-0043_2000_6010_7950.000,,-,2000,313-0043,-,7950.000,s,-,-,-,-,-,-,-,-,-,-,-,-,-,-,-,-,-,-,-,-,-,-
313-0043_2000_7016_11591.762,,-,2000,313-0043,-,11591.762,s,-,-,-,-,-,-,-,-,-,-,-,-,-,-,-,-,-,-,-,-,-,-
313-0068_1000_7016_10457.887,,-,1000,313-0068,-,10457.887,s,-,-,-,-,-,-,-,-,-,-,-,-,-,-,-,-,-,-,-,-,-,-
341-0036_2000_3016_404.000,,-,2000,341-0036,-,404.000,s,-,-,-,-,-,-,-,-,-,-,-,-,-,-,-,-,-,-,-,-,-,-
341-0036_2000_9023_26000.000,,-,2000,341-0036,-,26000.000,s,-,-,-,-,-,-,-,-,-,-,-,-,-,-,-,-,-,-,-,-,-,-
500-3432-003_1000_2019_12.000,,-,1000,500-3432-003,-,12.000,s,-,-,-,-,-,-,-,-,-,-,-,-,-,-,-,-,-,-,-,-,-,-
500-4236-005_1000_3019_6.000,,-,1000,500-4236-005,-,6.000,s,-,-,-,-,-,-,-,-,-,-,-,-,-,-,-,-,-,-,-,-,-,-
500-5481_2000_5016_807.000,,-,2000,500-5481,-,807.000,s,-,-,-,-,-,-,-,-,-,-,-,-,-,-,-,-,-,-,-,-,-,-
500-5773_2000_3019_12.000,,-,2000,500-5773,-,12.000,s,-,-,-,-,-,-,-,-,-,-,-,-,-,-,-,-,-,-,-,-,-,-
500-5773_2000_5016_429.000,,-,2000,500-5773,-,429.000,s,-,-,-,-,-,-,-,-,-,-,-,-,-,-,-,-,-,-,-,-,-,-
500-5958_1000_2019_2.000,,-,1000,500-5958,-,2.000,s,-,-,-,-,-,-,-,-,-,-,-,-,-,-,-,-,-,-,-,-,-,-
500-6285_2000_3019_67.000,,-,2000,500-6285,-,67.000,s,-,-,-,-,-,-,-,-,-,-,-,-,-,-,-,-,-,-,-,-,-,-
500-6512_2000_2013_194.000,,-,2000,500-6512,-,194.000,s,-,-,-,-,-,-,-,-,-,-,-,-,-,-,-,-,-,-,-,-,-,-
500-6681_1000_3019_2.000,,-,1000,500-6681,-,2.000,s,-,-,-,-,-,-,-,-,-,-,-,-,-,-,-,-,-,-,-,-,-,-
504-1936_2000_5016_1116.000,,-,2000,504-1936,-,1116.000,s,-,-,-,-,-,-,-,-,-,-,-,-,-,-,-,-,-,-,-,-,-,-
100-0062_5000_6010_74997.000,,-,5000,100-0062,-,74997.000,s,-,-,-,-,-,-,-,-,-,-,-,-,-,-,-,-,-,-,-,-,-,-
100-0143_2000_6010_400000.000,,-,2000,100-0143,-,400000.000,s,-,-,-,-,-,-,-,-,-,-,-,-,-,-,-,-,-,-,-,-,-,-
110-0001_1000_6010_120000.000,,-,1000,110-0001,-,120000.000,s,-,-,-,-,-,-,-,-,-,-,-,-,-,-,-,-,-,-,-,-,-,-
110-0003_1000_6010_20000.000,,-,1000,110-0003,-,20000.000,s,-,-,-,-,-,-,-,-,-,-,-,-,-,-,-,-,-,-,-,-,-,-
110-0063_1000_6010_1210000.000,,-,1000,110-0063,-,1210000.000,s,-,-,-,-,-,-,-,-,-,-,-,-,-,-,-,-,-,-,-,-,-,-
110-0172_1000_9023_43153.000,,-,1000,110-0172,-,43153.000,s,-,-,-,-,-,-,-,-,-,-,-,-,-,-,-,-,-,-,-,-,-,-
120-0143_5000_6010_19994.000,,-,5000,120-0143,-,19994.000,s,-,-,-,-,-,-,-,-,-,-,-,-,-,-,-,-,-,-,-,-,-,-
140-0246_1000_3028_40234.000,,-,1000,140-0246,-,40234.000,s,-,-,-,-,-,-,-,-,-,-,-,-,-,-,-,-,-,-,-,-,-,-
140-0340_1000_9023_60002.000,,-,1000,140-0340,-,60002.000,s,-,-,-,-,-,-,-,-,-,-,-,-,-,-,-,-,-,-,-,-,-,-
140-0392_1000_6010_300000.000,,-,1000,140-0392,-,300000.000,s,-,-,-,-,-,-,-,-,-,-,-,-,-,-,-,-,-,-,-,-,-,-
262-0150-CD_2000_5030_1.000,,-,2000,262-0150-CD,-,1.000,s,-,-,-,-,-,-,-,-,-,-,-,-,-,-,-,-,-,-,-,-,-,-
280-0607_2000_1016_9213.000,,-,2000,280-0607,-,9213.000,s,-,-,-,-,-,-,-,-,-,-,-,-,-,-,-,-,-,-,-,-,-,-
280-0607_2000_6010_129218.000,,-,2000,280-0607,-,129218.000,s,-,-,-,-,-,-,-,-,-,-,-,-,-,-,-,-,-,-,-,-,-,-
280-0650_2000_2016_4945.000,,-,2000,280-0650,-,4945.000,s,-,-,-,-,-,-,-,-,-,-,-,-,-,-,-,-,-,-,-,-,-,-
280-0650_2000_3016_10849.000,,-,2000,280-0650,-,10849.000,s,-,-,-,-,-,-,-,-,-,-,-,-,-,-,-,-,-,-,-,-,-,-
280-0932_2000_1016_5319.000,,-,2000,280-0932,-,5319.000,s,-,-,-,-,-,-,-,-,-,-,-,-,-,-,-,-,-,-,-,-,-,-
280-0932_2000_6010_124752.000,,-,2000,280-0932,-,124752.000,s,-,-,-,-,-,-,-,-,-,-,-,-,-,-,-,-,-,-,-,-,-,-
280-1011_2000_1016_21427.000,,-,2000,280-1011,-,21427.000,s,-,-,-,-,-,-,-,-,-,-,-,-,-,-,-,-,-,-,-,-,-,-
280-1011_2000_6010_103459.000,,-,2000,280-1011,-,103459.000,s,-,-,-,-,-,-,-,-,-,-,-,-,-,-,-,-,-,-,-,-,-,-
280-1018_2000_3016_9805.000,,-,2000,280-1018,-,9805.000,s,-,-,-,-,-,-,-,-,-,-,-,-,-,-,-,-,-,-,-,-,-,-
280-1018_2000_6010_51901.000,,-,2000,280-1018,-,51901.000,s,-,-,-,-,-,-,-,-,-,-,-,-,-,-,-,-,-,-,-,-,-,-
280-1638_2000_2016_628.000,,-,2000,280-1638,-,628.000,s,-,-,-,-,-,-,-,-,-,-,-,-,-,-,-,-,-,-,-,-,-,-
283-0029_2000_3016_13913.000,,-,2000,283-0029,-,13913.000,s,-,-,-,-,-,-,-,-,-,-,-,-,-,-,-,-,-,-,-,-,-,-
283-0110-27_1000_7010_13417.000,,-,1000,283-0110-27,-,13417.000,s,-,-,-,-,-,-,-,-,-,-,-,-,-,-,-,-,-,-,-,-,-,-
283-0110-29_1000_7010_10373.000,,-,1000,283-0110-29,-,10373.000,s,-,-,-,-,-,-,-,-,-,-,-,-,-,-,-,-,-,-,-,-,-,-
283-0110-31_1000_7010_8772.000,,-,1000,283-0110-31,-,8772.000,s,-,-,-,-,-,-,-,-,-,-,-,-,-,-,-,-,-,-,-,-,-,-
288-0005_2000_3016_4564.000,,-,2000,288-0005,-,4564.000,s,-,-,-,-,-,-,-,-,-,-,-,-,-,-,-,-,-,-,-,-,-,-
310-0104_1000_7016_84408.574,,-,1000,310-0104,-,84408.574,s,-,-,-,-,-,-,-,-,-,-,-,-,-,-,-,-,-,-,-,-,-,-
310-0357_2000_3028_2548.000,,-,2000,310-0357,-,2548.000,s,-,-,-,-,-,-,-,-,-,-,-,-,-,-,-,-,-,-,-,-,-,-
310-0357_2000_6010_2.000,,-,2000,310-0357,-,2.000,s,-,-,-,-,-,-,-,-,-,-,-,-,-,-,-,-,-,-,-,-,-,-
310-0369_1000_9023_24310.000,,-,1000,310-0369,-,24310.000,s,-,-,-,-,-,-,-,-,-,-,-,-,-,-,-,-,-,-,-,-,-,-
310-0395_2000_7016_402.000,,-,2000,310-0395,-,402.000,s,-,-,-,-,-,-,-,-,-,-,-,-,-,-,-,-,-,-,-,-,-,-
310-0414-01_1000_7016_6377.678,,-,1000,310-0414-01,-,6377.678,s,-,-,-,-,-,-,-,-,-,-,-,-,-,-,-,-,-,-,-,-,-,-
310-0440_1000_5016_2488.000,,-,1000,310-0440,-,2488.000,s,-,-,-,-,-,-,-,-,-,-,-,-,-,-,-,-,-,-,-,-,-,-
310-0440_1000_6010_17301.000,,-,1000,310-0440,-,17301.000,s,-,-,-,-,-,-,-,-,-,-,-,-,-,-,-,-,-,-,-,-,-,-
310-0485_1000_7016_58304.606,,-,1000,310-0485,-,58304.606,s,-,-,-,-,-,-,-,-,-,-,-,-,-,-,-,-,-,-,-,-,-,-
310-0494-001_2000_6010_333.000,,-,2000,310-0494-001,-,333.000,s,-,-,-,-,-,-,-,-,-,-,-,-,-,-,-,-,-,-,-,-,-,-
310-0734_2000_6010_1784.000,,-,2000,310-0734,-,1784.000,s,-,-,-,-,-,-,-,-,-,-,-,-,-,-,-,-,-,-,-,-,-,-
320-0284_1000_5016_357805.000,,-,1000,320-0284,-,357805.000,s,-,-,-,-,-,-,-,-,-,-,-,-,-,-,-,-,-,-,-,-,-,-
340-0056_2000_3028_502.000,,-,2000,340-0056,-,502.000,s,-,-,-,-,-,-,-,-,-,-,-,-,-,-,-,-,-,-,-,-,-,-
500-4235-010_1000_2019_79.000,,-,1000,500-4235-010,-,79.000,s,-,-,-,-,-,-,-,-,-,-,-,-,-,-,-,-,-,-,-,-,-,-
500-4235-020_1000_3019_3.000,,-,1000,500-4235-020,-,3.000,s,-,-,-,-,-,-,-,-,-,-,-,-,-,-,-,-,-,-,-,-,-,-
500-5359_1000_2013_488.000,,-,1000,500-5359,-,488.000,s,-,-,-,-,-,-,-,-,-,-,-,-,-,-,-,-,-,-,-,-,-,-
500-5359_1000_3013_20.000,,-,1000,500-5359,-,20.000,s,-,-,-,-,-,-,-,-,-,-,-,-,-,-,-,-,-,-,-,-,-,-
500-5359_1000_5016_173.000,,-,1000,500-5359,-,173.000,s,-,-,-,-,-,-,-,-,-,-,-,-,-,-,-,-,-,-,-,-,-,-
500-6672_1000_2019_2.000,,-,1000,500-6672,-,2.000,s,-,-,-,-,-,-,-,-,-,-,-,-,-,-,-,-,-,-,-,-,-,-
504-1878_1000_6010_29.000,,-,1000,504-1878,-,29.000,s,-,-,-,-,-,-,-,-,-,-,-,-,-,-,-,-,-,-,-,-,-,-
504-1878_1000_7010_43.000,,-,1000,504-1878,-,43.000,s,-,-,-,-,-,-,-,-,-,-,-,-,-,-,-,-,-,-,-,-,-,-
100-0038_5000_6010_29997.000,,-,5000,100-0038,-,29997.000,s,-,-,-,-,-,-,-,-,-,-,-,-,-,-,-,-,-,-,-,-,-,-
100-0061_5000_6010_14997.000,,-,5000,100-0061,-,14997.000,s,-,-,-,-,-,-,-,-,-,-,-,-,-,-,-,-,-,-,-,-,-,-
120-0029_1000_9023_4739.000,,-,1000,120-0029,-,4739.000,s,-,-,-,-,-,-,-,-,-,-,-,-,-,-,-,-,-,-,-,-,-,-
140-0434_1000_9023_5097.000,,-,1000,140-0434,-,5097.000,s,-,-,-,-,-,-,-,-,-,-,-,-,-,-,-,-,-,-,-,-,-,-
140-0834_5000_6010_6000.000,,-,5000,140-0834,-,6000.000,s,-,-,-,-,-,-,-,-,-,-,-,-,-,-,-,-,-,-,-,-,-,-
140-0849_1000_7010_56907.000,,-,1000,140-0849,-,56907.000,s,-,-,-,-,-,-,-,-,-,-,-,-,-,-,-,-,-,-,-,-,-,-
160-1291_1000_6010_3.000,,-,1000,160-1291,-,3.000,s,-,-,-,-,-,-,-,-,-,-,-,-,-,-,-,-,-,-,-,-,-,-
160-1291_1000_9023_106.000,,-,1000,160-1291,-,106.000,s,-,-,-,-,-,-,-,-,-,-,-,-,-,-,-,-,-,-,-,-,-,-
260-0325_2000_5016_181.000,,-,2000,260-0325,-,181.000,s,-,-,-,-,-,-,-,-,-,-,-,-,-,-,-,-,-,-,-,-,-,-
262-0058-CD_2000_5016_13.000,,-,2000,262-0058-CD,-,13.000,s,-,-,-,-,-,-,-,-,-,-,-,-,-,-,-,-,-,-,-,-,-,-
280-0431_1000_3016_621.000,,-,1000,280-0431,-,621.000,s,-,-,-,-,-,-,-,-,-,-,-,-,-,-,-,-,-,-,-,-,-,-
280-0810_2000_1016_618.000,,-,2000,280-0810,-,618.000,s,-,-,-,-,-,-,-,-,-,-,-,-,-,-,-,-,-,-,-,-,-,-
280-0810_2000_6010_55529.000,,-,2000,280-0810,-,55529.000,s,-,-,-,-,-,-,-,-,-,-,-,-,-,-,-,-,-,-,-,-,-,-
280-0898_1000_1016_528.000,,-,1000,280-0898,-,528.000,s,-,-,-,-,-,-,-,-,-,-,-,-,-,-,-,-,-,-,-,-,-,-
280-1480-27_2000_1016_237.000,,-,2000,280-1480-27,-,237.000,s,-,-,-,-,-,-,-,-,-,-,-,-,-,-,-,-,-,-,-,-,-,-
282-0330_2000_3016_5976.000,,-,2000,282-0330,-,5976.000,s,-,-,-,-,-,-,-,-,-,-,-,-,-,-,-,-,-,-,-,-,-,-
283-0098_2000_1016_1018.000,,-,2000,283-0098,-,1018.000,s,-,-,-,-,-,-,-,-,-,-,-,-,-,-,-,-,-,-,-,-,-,-
283-0098_2000_6010_11351.000,,-,2000,283-0098,-,11351.000,s,-,-,-,-,-,-,-,-,-,-,-,-,-,-,-,-,-,-,-,-,-,-
284-0014_1000_6010_10000.000,,-,1000,284-0014,-,10000.000,s,-,-,-,-,-,-,-,-,-,-,-,-,-,-,-,-,-,-,-,-,-,-
284-0014_1000_7010_60200.000,,-,1000,284-0014,-,60200.000,s,-,-,-,-,-,-,-,-,-,-,-,-,-,-,-,-,-,-,-,-,-,-
284-0089-50_2000_6010_819.000,,-,2000,284-0089-50,-,819.000,s,-,-,-,-,-,-,-,-,-,-,-,-,-,-,-,-,-,-,-,-,-,-
300-0316_2000_6010_15.000,,-,2000,300-0316,-,15.000,s,-,-,-,-,-,-,-,-,-,-,-,-,-,-,-,-,-,-,-,-,-,-
300-0317_2000_6010_1940.000,,-,2000,300-0317,-,1940.000,s,-,-,-,-,-,-,-,-,-,-,-,-,-,-,-,-,-,-,-,-,-,-
302-0006_1000_5016_2043.000,,-,1000,302-0006,-,2043.000,s,-,-,-,-,-,-,-,-,-,-,-,-,-,-,-,-,-,-,-,-,-,-
302-0007_1000_5016_6522.000,,-,1000,302-0007,-,6522.000,s,-,-,-,-,-,-,-,-,-,-,-,-,-,-,-,-,-,-,-,-,-,-
310-0494-015_1000_6010_1622.000,,-,1000,310-0494-015,-,1622.000,s,-,-,-,-,-,-,-,-,-,-,-,-,-,-,-,-,-,-,-,-,-,-
310-0505_2000_3028_2650.000,,-,2000,310-0505,-,2650.000,s,-,-,-,-,-,-,-,-,-,-,-,-,-,-,-,-,-,-,-,-,-,-
311-0183_1000_5016_58.000,,-,1000,311-0183,-,58.000,s,-,-,-,-,-,-,-,-,-,-,-,-,-,-,-,-,-,-,-,-,-,-
311-0183_1000_9023_147412.000,,-,1000,311-0183,-,147412.000,s,-,-,-,-,-,-,-,-,-,-,-,-,-,-,-,-,-,-,-,-,-,-
313-0010_1000_7016_8923.950,,-,1000,313-0010,-,8923.950,s,-,-,-,-,-,-,-,-,-,-,-,-,-,-,-,-,-,-,-,-,-,-
313-0043_1000_7016_23712.190,,-,1000,313-0043,-,23712.190,s,-,-,-,-,-,-,-,-,-,-,-,-,-,-,-,-,-,-,-,-,-,-
313-0062_2000_7016_2220.000,,-,2000,313-0062,-,2220.000,s,-,-,-,-,-,-,-,-,-,-,-,-,-,-,-,-,-,-,-,-,-,-
341-0036_1000_7010_100.000,,-,1000,341-0036,-,100.000,s,-,-,-,-,-,-,-,-,-,-,-,-,-,-,-,-,-,-,-,-,-,-
341-0036_1000_9023_100880.000,,-,1000,341-0036,-,100880.000,s,-,-,-,-,-,-,-,-,-,-,-,-,-,-,-,-,-,-,-,-,-,-
500-5384_2000_3019_274.000,,-,2000,500-5384,-,274.000,s,-,-,-,-,-,-,-,-,-,-,-,-,-,-,-,-,-,-,-,-,-,-
500-5595_2000_3019_3.000,,-,2000,500-5595,-,3.000,s,-,-,-,-,-,-,-,-,-,-,-,-,-,-,-,-,-,-,-,-,-,-
500-5595_2000_5016_1.000,,-,2000,500-5595,-,1.000,s,-,-,-,-,-,-,-,-,-,-,-,-,-,-,-,-,-,-,-,-,-,-
500-5703_2000_5016_1.000,,-,2000,500-5703,-,1.000,s,-,-,-,-,-,-,-,-,-,-,-,-,-,-,-,-,-,-,-,-,-,-
500-5851_2000_3026_2.000,,-,2000,500-5851,-,2.000,s,-,-,-,-,-,-,-,-,-,-,-,-,-,-,-,-,-,-,-,-,-,-
500-5988_2000_3019_3.000,,-,2000,500-5988,-,3.000,s,-,-,-,-,-,-,-,-,-,-,-,-,-,-,-,-,-,-,-,-,-,-
500-5989_2000_3019_2.000,,-,2000,500-5989,-,2.000,s,-,-,-,-,-,-,-,-,-,-,-,-,-,-,-,-,-,-,-,-,-,-
500-6336_2000_3019_1.000,,-,2000,500-6336,-,1.000,s,-,-,-,-,-,-,-,-,-,-,-,-,-,-,-,-,-,-,-,-,-,-
500-6496_1000_2019_6.000,,-,1000,500-6496,-,6.000,s,-,-,-,-,-,-,-,-,-,-,-,-,-,-,-,-,-,-,-,-,-,-
500-6650_1000_2019_43.000,,-,1000,500-6650,-,43.000,s,-,-,-,-,-,-,-,-,-,-,-,-,-,-,-,-,-,-,-,-,-,-
504-1694_2000_6010_295.000,,-,2000,504-1694,-,295.000,s,-,-,-,-,-,-,-,-,-,-,-,-,-,-,-,-,-,-,-,-,-,-
100-0265_1000_9023_115320.000,,-,1000,100-0265,-,115320.000,s,-,-,-,-,-,-,-,-,-,-,-,-,-,-,-,-,-,-,-,-,-,-
110-0627_2000_7010_10000.000,,-,2000,110-0627,-,10000.000,s,-,-,-,-,-,-,-,-,-,-,-,-,-,-,-,-,-,-,-,-,-,-
140-0340_2000_6010_1145.000,,-,2000,140-0340,-,1145.000,s,-,-,-,-,-,-,-,-,-,-,-,-,-,-,-,-,-,-,-,-,-,-
140-0340_2000_9023_33198.000,,-,2000,140-0340,-,33198.000,s,-,-,-,-,-,-,-,-,-,-,-,-,-,-,-,-,-,-,-,-,-,-
220-0072_2000_3016_3909.000,,-,2000,220-0072,-,3909.000,s,-,-,-,-,-,-,-,-,-,-,-,-,-,-,-,-,-,-,-,-,-,-
220-0230-025_1000_6010_65.000,,-,1000,220-0230-025,-,65.000,s,-,-,-,-,-,-,-,-,-,-,-,-,-,-,-,-,-,-,-,-,-,-
220-0230-025_1000_9023_9.000,,-,1000,220-0230-025,-,9.000,s,-,-,-,-,-,-,-,-,-,-,-,-,-,-,-,-,-,-,-,-,-,-
280-0489_1000_6010_8993.000,,-,1000,280-0489,-,8993.000,s,-,-,-,-,-,-,-,-,-,-,-,-,-,-,-,-,-,-,-,-,-,-
280-0489_1000_7010_99160.000,,-,1000,280-0489,-,99160.000,s,-,-,-,-,-,-,-,-,-,-,-,-,-,-,-,-,-,-,-,-,-,-
280-0607_1000_1016_340.000,,-,1000,280-0607,-,340.000,s,-,-,-,-,-,-,-,-,-,-,-,-,-,-,-,-,-,-,-,-,-,-
280-0607_1000_6010_12541.000,,-,1000,280-0607,-,12541.000,s,-,-,-,-,-,-,-,-,-,-,-,-,-,-,-,-,-,-,-,-,-,-
280-0655_2000_3016_8033.000,,-,2000,280-0655,-,8033.000,s,-,-,-,-,-,-,-,-,-,-,-,-,-,-,-,-,-,-,-,-,-,-
280-0655_2000_9023_192248.000,,-,2000,280-0655,-,192248.000,s,-,-,-,-,-,-,-,-,-,-,-,-,-,-,-,-,-,-,-,-,-,-
280-0791_2000_2016_25771.000,,-,2000,280-0791,-,25771.000,s,-,-,-,-,-,-,-,-,-,-,-,-,-,-,-,-,-,-,-,-,-,-
280-0992_2000_1016_29150.000,,-,2000,280-0992,-,29150.000,s,-,-,-,-,-,-,-,-,-,-,-,-,-,-,-,-,-,-,-,-,-,-
280-1391_2000_2016_6216.000,,-,2000,280-1391,-,6216.000,s,-,-,-,-,-,-,-,-,-,-,-,-,-,-,-,-,-,-,-,-,-,-
280-1594_2000_1016_200.000,,-,2000,280-1594,-,200.000,s,-,-,-,-,-,-,-,-,-,-,-,-,-,-,-,-,-,-,-,-,-,-
288-0001_2000_3016_3768.000,,-,2000,288-0001,-,3768.000,s,-,-,-,-,-,-,-,-,-,-,-,-,-,-,-,-,-,-,-,-,-,-
300-0312_2000_6010_10.000,,-,2000,300-0312,-,10.000,s,-,-,-,-,-,-,-,-,-,-,-,-,-,-,-,-,-,-,-,-,-,-
301-0046-CD_2000_3016_8351.000,,-,2000,301-0046-CD,-,8351.000,s,-,-,-,-,-,-,-,-,-,-,-,-,-,-,-,-,-,-,-,-,-,-
301-0046-CD_2000_6010_10840.000,,-,2000,301-0046-CD,-,10840.000,s,-,-,-,-,-,-,-,-,-,-,-,-,-,-,-,-,-,-,-,-,-,-
302-0004_1000_5016_15399.000,,-,1000,302-0004,-,15399.000,s,-,-,-,-,-,-,-,-,-,-,-,-,-,-,-,-,-,-,-,-,-,-
302-0004_1000_6010_6236.000,,-,1000,302-0004,-,6236.000,s,-,-,-,-,-,-,-,-,-,-,-,-,-,-,-,-,-,-,-,-,-,-
310-0166_2000_5016_359.000,,-,2000,310-0166,-,359.000,s,-,-,-,-,-,-,-,-,-,-,-,-,-,-,-,-,-,-,-,-,-,-
310-0284_1000_7016_5737.383,,-,1000,310-0284,-,5737.383,s,-,-,-,-,-,-,-,-,-,-,-,-,-,-,-,-,-,-,-,-,-,-
310-0376_1000_5016_6992.000,,-,1000,310-0376,-,6992.000,s,-,-,-,-,-,-,-,-,-,-,-,-,-,-,-,-,-,-,-,-,-,-
310-0395_1000_7016_8638.493,,-,1000,310-0395,-,8638.493,s,-,-,-,-,-,-,-,-,-,-,-,-,-,-,-,-,-,-,-,-,-,-
310-0401_2000_2016_6700.000,,-,2000,310-0401,-,6700.000,s,-,-,-,-,-,-,-,-,-,-,-,-,-,-,-,-,-,-,-,-,-,-
310-0401_2000_5016_8064.000,,-,2000,310-0401,-,8064.000,s,-,-,-,-,-,-,-,-,-,-,-,-,-,-,-,-,-,-,-,-,-,-
310-0401_2000_6010_63000.000,,-,2000,310-0401,-,63000.000,s,-,-,-,-,-,-,-,-,-,-,-,-,-,-,-,-,-,-,-,-,-,-
310-0414-01_2000_7016_465.790,,-,2000,310-0414-01,-,465.790,s,-,-,-,-,-,-,-,-,-,-,-,-,-,-,-,-,-,-,-,-,-,-
310-0494-003_1000_6010_10.000,,-,1000,310-0494-003,-,10.000,s,-,-,-,-,-,-,-,-,-,-,-,-,-,-,-,-,-,-,-,-,-,-
311-0252_2000_5016_2068.000,,-,2000,311-0252,-,2068.000,s,-,-,-,-,-,-,-,-,-,-,-,-,-,-,-,-,-,-,-,-,-,-
320-0109_2000_6010_5600.000,,-,2000,320-0109,-,5600.000,s,-,-,-,-,-,-,-,-,-,-,-,-,-,-,-,-,-,-,-,-,-,-
320-0284_2000_5016_89695.000,,-,2000,320-0284,-,89695.000,s,-,-,-,-,-,-,-,-,-,-,-,-,-,-,-,-,-,-,-,-,-,-
321-0059_2000_2016_5436.000,,-,2000,321-0059,-,5436.000,s,-,-,-,-,-,-,-,-,-,-,-,-,-,-,-,-,-,-,-,-,-,-
321-0059_2000_3016_15608.000,,-,2000,321-0059,-,15608.000,s,-,-,-,-,-,-,-,-,-,-,-,-,-,-,-,-,-,-,-,-,-,-
500-4236-020_1000_3025_1.000,,-,1000,500-4236-020,-,1.000,s,-,-,-,-,-,-,-,-,-,-,-,-,-,-,-,-,-,-,-,-,-,-
500-4925_1000_2013_1.000,,-,1000,500-4925,-,1.000,s,-,-,-,-,-,-,-,-,-,-,-,-,-,-,-,-,-,-,-,-,-,-
500-4955_1000_3013_32.000,,-,1000,500-4955,-,32.000,s,-,-,-,-,-,-,-,-,-,-,-,-,-,-,-,-,-,-,-,-,-,-
500-5359_2000_2013_15.000,,-,2000,500-5359,-,15.000,s,-,-,-,-,-,-,-,-,-,-,-,-,-,-,-,-,-,-,-,-,-,-
500-5359_2000_5016_1452.000,,-,2000,500-5359,-,1452.000,s,-,-,-,-,-,-,-,-,-,-,-,-,-,-,-,-,-,-,-,-,-,-
500-5594_1000_3019_3.000,,-,1000,500-5594,-,3.000,s,-,-,-,-,-,-,-,-,-,-,-,-,-,-,-,-,-,-,-,-,-,-
500-6204_2000_3019_7.000,,-,2000,500-6204,-,7.000,s,-,-,-,-,-,-,-,-,-,-,-,-,-,-,-,-,-,-,-,-,-,-
500-6512_1000_2013_495.000,,-,1000,500-6512,-,495.000,s,-,-,-,-,-,-,-,-,-,-,-,-,-,-,-,-,-,-,-,-,-,-
504-1718_2000_3016_1756.000,,-,2000,504-1718,-,1756.000,s,-,-,-,-,-,-,-,-,-,-,-,-,-,-,-,-,-,-,-,-,-,-
504-1718_2000_6010_117.000,,-,2000,504-1718,-,117.000,s,-,-,-,-,-,-,-,-,-,-,-,-,-,-,-,-,-,-,-,-,-,-
WOOAB29106,TX COC;CWDM4 COP(sumitomo DFB 1290nm),-,2000,280-1480-29,1/26/24,2000,f,-,-,-,-,-,-,-,-,-,-,-,-,-,-,-,-,-,-,-,-,-,-
WOOAA29114,TX COC;CWDM4 COP(sumitomo DFB 1290nm),-,2000,280-1480-29,1/23/24,2000,f,-,-,-,-,-,-,-,-,-,-,-,-,-,-,-,-,-,-,-,-,-,-
WOOAI29102,TX COC;CWDM4 COP(sumitomo DFB 1290nm),-,2000,280-1480-29,3/14/24,2000,f,-,-,-,-,-,-,-,-,-,-,-,-,-,-,-,-,-,-,-,-,-,-
WOOAI29105,TX COC;CWDM4 COP(sumitomo DFB 1290nm),-,2000,280-1480-29,3/15/24,1100,f,-,-,-,-,-,-,-,-,-,-,-,-,-,-,-,-,-,-,-,-,-,-
WOOAL29106,TX COC;CWDM4 COP(sumitomo DFB 1290nm),-,2000,280-1480-29,4/4/24,2000,f,-,-,-,-,-,-,-,-,-,-,-,-,-,-,-,-,-,-,-,-,-,-
WOOAJ29102,TX COC;CWDM4 COP(sumitomo DFB 1290nm),-,2000,280-1480-29,3/22/24,2000,f,-,-,-,-,-,-,-,-,-,-,-,-,-,-,-,-,-,-,-,-,-,-
WOOAC29102,TX COC;CWDM4 COP(sumitomo DFB 1290nm),-,2000,280-1480-29,2/1/24,2000,f,-,-,-,-,-,-,-,-,-,-,-,-,-,-,-,-,-,-,-,-,-,-
WOOAF29102,TX COC;CWDM4 COP(sumitomo DFB 1290nm),-,2000,280-1480-29,2/26/24,2000,f,-,-,-,-,-,-,-,-,-,-,-,-,-,-,-,-,-,-,-,-,-,-
WOOAF29103,TX COC;CWDM4 COP(sumitomo DFB 1290nm),-,2000,280-1480-29,2/26/24,2000,f,-,-,-,-,-,-,-,-,-,-,-,-,-,-,-,-,-,-,-,-,-,-
WOOAI29112,TX COC;CWDM4 COP(sumitomo DFB 1290nm),-,2000,280-1480-29,3/17/24,2400,f,-,-,-,-,-,-,-,-,-,-,-,-,-,-,-,-,-,-,-,-,-,-
WOOAH29103,TX COC;CWDM4 COP(sumitomo DFB 1290nm),-,2000,280-1480-29,3/8/24,1100,f,-,-,-,-,-,-,-,-,-,-,-,-,-,-,-,-,-,-,-,-,-,-
WOOAH29106,TX COC;CWDM4 COP(sumitomo DFB 1290nm),-,2000,280-1480-29,3/10/24,2000,f,-,-,-,-,-,-,-,-,-,-,-,-,-,-,-,-,-,-,-,-,-,-
WOOAD29107,TX COC;CWDM4 COP(sumitomo DFB 1290nm),-,2000,280-1480-29,2/9/24,1800,f,-,-,-,-,-,-,-,-,-,-,-,-,-,-,-,-,-,-,-,-,-,-
WOOAD29108,TX COC;CWDM4 COP(sumitomo DFB 1290nm),-,2000,280-1480-29,2/9/24,2000,f,-,-,-,-,-,-,-,-,-,-,-,-,-,-,-,-,-,-,-,-,-,-
WOOAK29102,TX COC;CWDM4 COP(sumitomo DFB 1290nm),-,2000,280-1480-29,3/28/24,2000,f,-,-,-,-,-,-,-,-,-,-,-,-,-,-,-,-,-,-,-,-,-,-
WOOAK29110,TX COC;CWDM4 COP(sumitomo DFB 1290nm),-,2000,280-1480-29,3/31/24,2000,f,-,-,-,-,-,-,-,-,-,-,-,-,-,-,-,-,-,-,-,-,-,-
WOOAJ29109,TX COC;CWDM4 COP(sumitomo DFB 1290nm),-,2000,280-1480-29,3/24/24,2000,f,-,-,-,-,-,-,-,-,-,-,-,-,-,-,-,-,-,-,-,-,-,-
WOOAG29101,TX COC;CWDM4 COP(sumitomo DFB 1290nm),-,2000,280-1480-29,3/4/24,2000,f,-,-,-,-,-,-,-,-,-,-,-,-,-,-,-,-,-,-,-,-,-,-
WOOAG29106,TX COC;CWDM4 COP(sumitomo DFB 1290nm),-,2000,280-1480-29,3/6/24,2000,f,-,-,-,-,-,-,-,-,-,-,-,-,-,-,-,-,-,-,-,-,-,-
WOOAG31106,TX COC;CWDM4 COP(sumitomo DFB 1310nm),-,2000,280-1480-31,3/6/24,2000,f,-,-,-,-,-,-,-,-,-,-,-,-,-,-,-,-,-,-,-,-,-,-
WOOAG31101,TX COC;CWDM4 COP(sumitomo DFB 1310nm),-,2000,280-1480-31,3/4/24,2000,f,-,-,-,-,-,-,-,-,-,-,-,-,-,-,-,-,-,-,-,-,-,-
WOOACE14,lens ass(2.0dB attenuation)QSFP28 SR4,-,2000,280-1428,1/30/24,2500,f,-,-,-,-,-,-,-,-,-,-,-,-,-,-,-,-,-,-,-,-,-,-
WOOACE30,lens ass(2.0dB attenuation)QSFP28 SR4,-,2000,280-1428,2/3/24,2000,f,-,-,-,-,-,-,-,-,-,-,-,-,-,-,-,-,-,-,-,-,-,-
WOOAAE10,lens ass(2.0dB attenuation)QSFP28 SR4,-,2000,280-1428,1/14/24,1500,f,-,-,-,-,-,-,-,-,-,-,-,-,-,-,-,-,-,-,-,-,-,-
WOOAHE01,lens ass(2.0dB attenuation)QSFP28 SR4,-,2000,280-1428,3/3/24,2000,f,-,-,-,-,-,-,-,-,-,-,-,-,-,-,-,-,-,-,-,-,-,-
WOOAHE07,lens ass(2.0dB attenuation)QSFP28 SR4,-,2000,280-1428,3/5/24,2500,f,-,-,-,-,-,-,-,-,-,-,-,-,-,-,-,-,-,-,-,-,-,-
WOOAHE24,lens ass(2.0dB attenuation)QSFP28 SR4,-,2000,280-1428,3/7/24,2500,f,-,-,-,-,-,-,-,-,-,-,-,-,-,-,-,-,-,-,-,-,-,-
WOOAAE23,lens ass(2.0dB attenuation)QSFP28 SR4,-,2000,280-1428,1/17/24,1000,f,-,-,-,-,-,-,-,-,-,-,-,-,-,-,-,-,-,-,-,-,-,-
WOOAAE27,lens ass(2.0dB attenuation)QSFP28 SR4,-,2000,280-1428,1/18/24,1500,f,-,-,-,-,-,-,-,-,-,-,-,-,-,-,-,-,-,-,-,-,-,-
WOOADE14,lens ass(2.0dB attenuation)QSFP28 SR4,-,2000,280-1428,2/7/24,3000,f,-,-,-,-,-,-,-,-,-,-,-,-,-,-,-,-,-,-,-,-,-,-
WOOABE13,lens ass(2.0dB attenuation)QSFP28 SR4,-,2000,280-1428,1/25/24,2500,f,-,-,-,-,-,-,-,-,-,-,-,-,-,-,-,-,-,-,-,-,-,-
WOOADE35,lens ass(2.0dB attenuation)QSFP28 SR4,-,2000,280-1428,2/13/24,2000,f,-,-,-,-,-,-,-,-,-,-,-,-,-,-,-,-,-,-,-,-,-,-
WOOAIE07,lens ass(2.0dB attenuation)QSFP28 SR4,-,2000,280-1428,3/10/24,1000,f,-,-,-,-,-,-,-,-,-,-,-,-,-,-,-,-,-,-,-,-,-,-
WOOACE04,lens ass(2.0dB attenuation)QSFP28 SR4,-,2000,280-1428,1/28/24,2000,f,-,-,-,-,-,-,-,-,-,-,-,-,-,-,-,-,-,-,-,-,-,-
WOOAFE07,lens ass(2.0dB attenuation)QSFP28 SR4,-,2000,280-1428,2/21/24,2000,f,-,-,-,-,-,-,-,-,-,-,-,-,-,-,-,-,-,-,-,-,-,-
WOOAFE09,lens ass(2.0dB attenuation)QSFP28 SR4,-,2000,280-1428,2/21/24,2500,f,-,-,-,-,-,-,-,-,-,-,-,-,-,-,-,-,-,-,-,-,-,-
WOOAFE11,lens ass(2.0dB attenuation)QSFP28 SR4,-,2000,280-1428,2/28/24,2500,f,-,-,-,-,-,-,-,-,-,-,-,-,-,-,-,-,-,-,-,-,-,-
WOOAI33105,TX COC;CWDM4 COP(sumitomo DFB 1330nm),-,2000,280-1480-33,3/15/24,1100,f,-,-,-,-,-,-,-,-,-,-,-,-,-,-,-,-,-,-,-,-,-,-
WOOAK33110,TX COC;CWDM4 COP(sumitomo DFB 1330nm),-,2000,280-1480-33,3/31/24,2000,f,-,-,-,-,-,-,-,-,-,-,-,-,-,-,-,-,-,-,-,-,-,-
WOOAC33102,TX COC;CWDM4 COP(sumitomo DFB 1330nm),-,2000,280-1480-33,2/1/24,2000,f,-,-,-,-,-,-,-,-,-,-,-,-,-,-,-,-,-,-,-,-,-,-
WOOAI33102,TX COC;CWDM4 COP(sumitomo DFB 1330nm),-,2000,280-1480-33,3/14/24,2000,f,-,-,-,-,-,-,-,-,-,-,-,-,-,-,-,-,-,-,-,-,-,-
WOOAA33114,TX COC;CWDM4 COP(sumitomo DFB 1330nm),-,2000,280-1480-33,1/23/24,2000,f,-,-,-,-,-,-,-,-,-,-,-,-,-,-,-,-,-,-,-,-,-,-
WOOAF33102,TX COC;CWDM4 COP(sumitomo DFB 1330nm),-,2000,280-1480-33,2/26/24,2000,f,-,-,-,-,-,-,-,-,-,-,-,-,-,-,-,-,-,-,-,-,-,-
WOOAF33103,TX COC;CWDM4 COP(sumitomo DFB 1330nm),-,2000,280-1480-33,2/26/24,2000,f,-,-,-,-,-,-,-,-,-,-,-,-,-,-,-,-,-,-,-,-,-,-
WOOADE01,100G Q28 SR4 G3;Sony Vcsel Cisco,-,2000,500-6099,2/19/24,450,f,-,-,-,-,-,-,-,-,-,-,-,-,-,-,-,-,-,-,-,-,-,-
WOOAHA06,100G QSFP28 CWDM4 Gen3 1310nm;2Km HT,-,2000,500-7041,3/23/24,1000,f,-,-,-,-,-,-,-,-,-,-,-,-,-,-,-,-,-,-,-,-,-,-
WOOADA01,100G QSFP28 CWDM4 Gen3 1310nm;2Km HT,-,2000,500-7041,2/25/24,1500,f,-,-,-,-,-,-,-,-,-,-,-,-,-,-,-,-,-,-,-,-,-,-
WOOAHA16,100G QSFP28 CWDM4 Gen3 1310nm;2Km HT,-,2000,500-7041,3/25/24,1500,f,-,-,-,-,-,-,-,-,-,-,-,-,-,-,-,-,-,-,-,-,-,-
WOOAAA03,100G QSFP28 CWDM4 Gen3 1310nm;2Km HT,-,2000,500-7041,2/3/24,1000,f,-,-,-,-,-,-,-,-,-,-,-,-,-,-,-,-,-,-,-,-,-,-
WOOADA16,100G QSFP28 CWDM4 Gen3 1310nm;2Km HT,-,2000,500-7041,3/4/24,1500,f,-,-,-,-,-,-,-,-,-,-,-,-,-,-,-,-,-,-,-,-,-,-
WOOADA17,100G QSFP28 CWDM4 Gen3 1310nm;2Km HT,-,2000,500-7041,3/6/24,1500,f,-,-,-,-,-,-,-,-,-,-,-,-,-,-,-,-,-,-,-,-,-,-
WOOADA12,100G QSFP28 CWDM4 Gen3 1310nm;2Km HT,-,2000,500-7041,3/1/24,1500,f,-,-,-,-,-,-,-,-,-,-,-,-,-,-,-,-,-,-,-,-,-,-
WOOAHA21,100G QSFP28 CWDM4 Gen3 1310nm;2Km HT,-,2000,500-7041,3/27/24,2000,f,-,-,-,-,-,-,-,-,-,-,-,-,-,-,-,-,-,-,-,-,-,-
WOOAI33112,TX COC;CWDM4 COP(sumitomo DFB 1330nm),-,2000,280-1480-33,3/17/24,2600,f,-,-,-,-,-,-,-,-,-,-,-,-,-,-,-,-,-,-,-,-,-,-
WOOAL33106,TX COC;CWDM4 COP(sumitomo DFB 1330nm),-,2000,280-1480-33,4/4/24,2000,f,-,-,-,-,-,-,-,-,-,-,-,-,-,-,-,-,-,-,-,-,-,-
WOOAH33106,TX COC;CWDM4 COP(sumitomo DFB 1330nm),-,2000,280-1480-33,3/10/24,2000,f,-,-,-,-,-,-,-,-,-,-,-,-,-,-,-,-,-,-,-,-,-,-
WOOAK33102,TX COC;CWDM4 COP(sumitomo DFB 1330nm),-,2000,280-1480-33,3/28/24,2000,f,-,-,-,-,-,-,-,-,-,-,-,-,-,-,-,-,-,-,-,-,-,-
WOOAB33106,TX COC;CWDM4 COP(sumitomo DFB 1330nm),-,2000,280-1480-33,1/26/24,2000,f,-,-,-,-,-,-,-,-,-,-,-,-,-,-,-,-,-,-,-,-,-,-
WOOAD33107,TX COC;CWDM4 COP(sumitomo DFB 1330nm),-,2000,280-1480-33,2/9/24,2000,f,-,-,-,-,-,-,-,-,-,-,-,-,-,-,-,-,-,-,-,-,-,-
WOOAD33108,TX COC;CWDM4 COP(sumitomo DFB 1330nm),-,2000,280-1480-33,2/9/24,2000,f,-,-,-,-,-,-,-,-,-,-,-,-,-,-,-,-,-,-,-,-,-,-
WOOAH33103,TX COC;CWDM4 COP(sumitomo DFB 1330nm),-,2000,280-1480-33,3/8/24,1100,f,-,-,-,-,-,-,-,-,-,-,-,-,-,-,-,-,-,-,-,-,-,-
WOOAJ33109,TX COC;CWDM4 COP(sumitomo DFB 1330nm),-,2000,280-1480-33,3/24/24,2000,f,-,-,-,-,-,-,-,-,-,-,-,-,-,-,-,-,-,-,-,-,-,-
WOOAG33101,TX COC;CWDM4 COP(sumitomo DFB 1330nm),-,2000,280-1480-33,3/4/24,2000,f,-,-,-,-,-,-,-,-,-,-,-,-,-,-,-,-,-,-,-,-,-,-
WOOAG33106,TX COC;CWDM4 COP(sumitomo DFB 1330nm),-,2000,280-1480-33,3/6/24,2000,f,-,-,-,-,-,-,-,-,-,-,-,-,-,-,-,-,-,-,-,-,-,-
WOOAJ33102,TX COC;CWDM4 COP(sumitomo DFB 1330nm),-,2000,280-1480-33,3/22/24,2000,f,-,-,-,-,-,-,-,-,-,-,-,-,-,-,-,-,-,-,-,-,-,-
WOOAJSU103,OB BOM;COP G3(SEI;2110S;Sif PD;kovar HS),-,2000,280-1595,3/22/24,1200,f,-,-,-,-,-,-,-,-,-,-,-,-,-,-,-,-,-,-,-,-,-,-
WOOACSU111,OB BOM;COP G3(SEI;2110S;Sif PD;kovar HS),-,2000,280-1595,2/5/24,1200,f,-,-,-,-,-,-,-,-,-,-,-,-,-,-,-,-,-,-,-,-,-,-
WOOADSU101,OB BOM;COP G3(SEI;2110S;Sif PD;kovar HS),-,2000,280-1595,2/8/24,1200,f,-,-,-,-,-,-,-,-,-,-,-,-,-,-,-,-,-,-,-,-,-,-
WOOAJSU106,OB BOM;COP G3(SEI;2110S;Sif PD;kovar HS),-,2000,280-1595,3/23/24,1200,f,-,-,-,-,-,-,-,-,-,-,-,-,-,-,-,-,-,-,-,-,-,-
ZGOAJSU110,OB BOM;COP G3(SEI;2110S;Sif PD;kovar HS),-,2000,280-1595,3/30/24,200,f,-,-,-,-,-,-,-,-,-,-,-,-,-,-,-,-,-,-,-,-,-,-
WOOAASU101,OB BOM;COP G3(SEI;2110S;Sif PD;kovar HS),-,2000,280-1595,1/19/24,1200,f,-,-,-,-,-,-,-,-,-,-,-,-,-,-,-,-,-,-,-,-,-,-
WOOABSU108,OB BOM;COP G3(SEI;2110S;Sif PD;kovar HS),-,2000,280-1595,1/27/24,1200,f,-,-,-,-,-,-,-,-,-,-,-,-,-,-,-,-,-,-,-,-,-,-
WOOAKSU105,OB BOM;COP G3(SEI;2110S;Sif PD;kovar HS),-,2000,280-1595,3/28/24,1200,f,-,-,-,-,-,-,-,-,-,-,-,-,-,-,-,-,-,-,-,-,-,-
WOOAKSU108,OB BOM;COP G3(SEI;2110S;Sif PD;kovar HS),-,2000,280-1595,3/30/24,1200,f,-,-,-,-,-,-,-,-,-,-,-,-,-,-,-,-,-,-,-,-,-,-
WOOAFCB102,CB Assembly BOM;CWDM4 Gen3(CB merger),-,2000,280-1638,3/18/24,2000,f,-,-,-,-,-,-,-,-,-,-,-,-,-,-,-,-,-,-,-,-,-,-
WOOAICB112,CB Assembly BOM;CWDM4 Gen3(CB merger),-,2000,280-1638,4/7/24,2000,f,-,-,-,-,-,-,-,-,-,-,-,-,-,-,-,-,-,-,-,-,-,-
WOOABCB106,CB Assembly BOM;CWDM4 Gen3(CB merger),-,2000,280-1638,2/16/24,2000,f,-,-,-,-,-,-,-,-,-,-,-,-,-,-,-,-,-,-,-,-,-,-
WOOAKCB110,CB Assembly BOM;CWDM4 Gen3(CB merger),-,2000,280-1638,4/21/24,2000,f,-,-,-,-,-,-,-,-,-,-,-,-,-,-,-,-,-,-,-,-,-,-
WOOACCB102,CB Assembly BOM;CWDM4 Gen3(CB merger),-,2000,280-1638,2/22/24,1500,f,-,-,-,-,-,-,-,-,-,-,-,-,-,-,-,-,-,-,-,-,-,-
WOOAFCB110,CB Assembly BOM;CWDM4 Gen3(CB merger),-,2000,280-1638,3/23/24,2000,f,-,-,-,-,-,-,-,-,-,-,-,-,-,-,-,-,-,-,-,-,-,-
WOOAACB114,CB Assembly BOM;CWDM4 Gen3(CB merger),-,2000,280-1638,2/13/24,2000,f,-,-,-,-,-,-,-,-,-,-,-,-,-,-,-,-,-,-,-,-,-,-
WOOAICB102,CB Assembly BOM;CWDM4 Gen3(CB merger),-,2000,280-1638,4/4/24,2000,f,-,-,-,-,-,-,-,-,-,-,-,-,-,-,-,-,-,-,-,-,-,-
WOOALCB106,CB Assembly BOM;CWDM4 Gen3(CB merger),-,2000,280-1638,4/25/24,2000,f,-,-,-,-,-,-,-,-,-,-,-,-,-,-,-,-,-,-,-,-,-,-
ZGOALCB104,CB Assembly BOM;CWDM4 Gen3(CB merger),-,2000,280-1638,5/2/24,200,f,-,-,-,-,-,-,-,-,-,-,-,-,-,-,-,-,-,-,-,-,-,-
WOOAJCB102,CB Assembly BOM;CWDM4 Gen3(CB merger),-,2000,280-1638,4/12/24,2000,f,-,-,-,-,-,-,-,-,-,-,-,-,-,-,-,-,-,-,-,-,-,-
WOOAGCB101,CB Assembly BOM;CWDM4 Gen3(CB merger),-,2000,280-1638,3/25/24,2000,f,-,-,-,-,-,-,-,-,-,-,-,-,-,-,-,-,-,-,-,-,-,-
WOOAJCB109,CB Assembly BOM;CWDM4 Gen3(CB merger),-,2000,280-1638,4/14/24,2000,f,-,-,-,-,-,-,-,-,-,-,-,-,-,-,-,-,-,-,-,-,-,-
WOOADCB107,CB Assembly BOM;CWDM4 Gen3(CB merger),-,2000,280-1638,3/1/24,1500,f,-,-,-,-,-,-,-,-,-,-,-,-,-,-,-,-,-,-,-,-,-,-
WOOAHCB103,CB Assembly BOM;CWDM4 Gen3(CB merger),-,2000,280-1638,3/29/24,2000,f,-,-,-,-,-,-,-,-,-,-,-,-,-,-,-,-,-,-,-,-,-,-
WOOAHCB106,CB Assembly BOM;CWDM4 Gen3(CB merger),-,2000,280-1638,3/31/24,2000,f,-,-,-,-,-,-,-,-,-,-,-,-,-,-,-,-,-,-,-,-,-,-
WOOAKCB102,CB Assembly BOM;CWDM4 Gen3(CB merger),-,2000,280-1638,4/18/24,2000,f,-,-,-,-,-,-,-,-,-,-,-,-,-,-,-,-,-,-,-,-,-,-
WOOAJ31109,TX COC;CWDM4 COP(sumitomo DFB 1310nm),-,2000,280-1480-31,3/24/24,2000,f,-,-,-,-,-,-,-,-,-,-,-,-,-,-,-,-,-,-,-,-,-,-
WOOAK31110,TX COC;CWDM4 COP(sumitomo DFB 1310nm),-,2000,280-1480-31,3/31/24,2000,f,-,-,-,-,-,-,-,-,-,-,-,-,-,-,-,-,-,-,-,-,-,-
WOOAB31106,TX COC;CWDM4 COP(sumitomo DFB 1310nm),-,2000,280-1480-31,1/26/24,2000,f,-,-,-,-,-,-,-,-,-,-,-,-,-,-,-,-,-,-,-,-,-,-
WOOAK31102,TX COC;CWDM4 COP(sumitomo DFB 1310nm),-,2000,280-1480-31,3/28/24,2000,f,-,-,-,-,-,-,-,-,-,-,-,-,-,-,-,-,-,-,-,-,-,-
WOOAD31107,TX COC;CWDM4 COP(sumitomo DFB 1310nm),-,2000,280-1480-31,2/9/24,1800,f,-,-,-,-,-,-,-,-,-,-,-,-,-,-,-,-,-,-,-,-,-,-
WOOAD31108,TX COC;CWDM4 COP(sumitomo DFB 1310nm),-,2000,280-1480-31,2/9/24,2000,f,-,-,-,-,-,-,-,-,-,-,-,-,-,-,-,-,-,-,-,-,-,-
WOOAH31106,TX COC;CWDM4 COP(sumitomo DFB 1310nm),-,2000,280-1480-31,3/10/24,2000,f,-,-,-,-,-,-,-,-,-,-,-,-,-,-,-,-,-,-,-,-,-,-
WOOAH31103,TX COC;CWDM4 COP(sumitomo DFB 1310nm),-,2000,280-1480-31,3/8/24,1100,f,-,-,-,-,-,-,-,-,-,-,-,-,-,-,-,-,-,-,-,-,-,-
WOOAI31112,TX COC;CWDM4 COP(sumitomo DFB 1310nm),-,2000,280-1480-31,3/17/24,2000,f,-,-,-,-,-,-,-,-,-,-,-,-,-,-,-,-,-,-,-,-,-,-
WOOAF31102,TX COC;CWDM4 COP(sumitomo DFB 1310nm),-,2000,280-1480-31,2/26/24,2000,f,-,-,-,-,-,-,-,-,-,-,-,-,-,-,-,-,-,-,-,-,-,-
WOOAF31103,TX COC;CWDM4 COP(sumitomo DFB 1310nm),-,2000,280-1480-31,2/26/24,2000,f,-,-,-,-,-,-,-,-,-,-,-,-,-,-,-,-,-,-,-,-,-,-
WOOAC31102,TX COC;CWDM4 COP(sumitomo DFB 1310nm),-,2000,280-1480-31,2/1/24,2000,f,-,-,-,-,-,-,-,-,-,-,-,-,-,-,-,-,-,-,-,-,-,-
WOOAL31106,TX COC;CWDM4 COP(sumitomo DFB 1310nm),-,2000,280-1480-31,4/4/24,2000,f,-,-,-,-,-,-,-,-,-,-,-,-,-,-,-,-,-,-,-,-,-,-
WOOAJ31102,TX COC;CWDM4 COP(sumitomo DFB 1310nm),-,2000,280-1480-31,3/22/24,2000,f,-,-,-,-,-,-,-,-,-,-,-,-,-,-,-,-,-,-,-,-,-,-
WOOAI31105,TX COC;CWDM4 COP(sumitomo DFB 1310nm),-,2000,280-1480-31,3/15/24,1100,f,-,-,-,-,-,-,-,-,-,-,-,-,-,-,-,-,-,-,-,-,-,-
WOOAI31102,TX COC;CWDM4 COP(sumitomo DFB 1310nm),-,2000,280-1480-31,3/14/24,2000,f,-,-,-,-,-,-,-,-,-,-,-,-,-,-,-,-,-,-,-,-,-,-
WOOAA31114,TX COC;CWDM4 COP(sumitomo DFB 1310nm),-,2000,280-1480-31,1/23/24,2000,f,-,-,-,-,-,-,-,-,-,-,-,-,-,-,-,-,-,-,-,-,-,-
WOOAASU109,OB BOM;COP G3(SEI;2110S;Sif PD;kovar HS),-,2000,280-1595,1/21/24,1200,f,-,-,-,-,-,-,-,-,-,-,-,-,-,-,-,-,-,-,-,-,-,-
WOOAJSU111,OB BOM;COP G3(SEI;2110S;Sif PD;kovar HS),-,2000,280-1595,3/25/24,1200,f,-,-,-,-,-,-,-,-,-,-,-,-,-,-,-,-,-,-,-,-,-,-
WOOALSU105,OB BOM;COP G3(SEI;2110S;Sif PD;kovar HS),-,2000,280-1595,4/4/24,1200,f,-,-,-,-,-,-,-,-,-,-,-,-,-,-,-,-,-,-,-,-,-,-
WOOALSU107,OB BOM;COP G3(SEI;2110S;Sif PD;kovar HS),-,2000,280-1595,4/5/24,1200,f,-,-,-,-,-,-,-,-,-,-,-,-,-,-,-,-,-,-,-,-,-,-
WOOABSU116,OB BOM;COP G3(SEI;2110S;Sif PD;kovar HS),-,2000,280-1595,1/29/24,1200,f,-,-,-,-,-,-,-,-,-,-,-,-,-,-,-,-,-,-,-,-,-,-
WOOABSU120,OB BOM;COP G3(SEI;2110S;Sif PD;kovar HS),-,2000,280-1595,2/1/24,1200,f,-,-,-,-,-,-,-,-,-,-,-,-,-,-,-,-,-,-,-,-,-,-
WOOAISU118,OB BOM;COP G3(SEI;2110S;Sif PD;kovar HS),-,2000,280-1595,3/19/24,1200,f,-,-,-,-,-,-,-,-,-,-,-,-,-,-,-,-,-,-,-,-,-,-
WOOAASU110,OB BOM;COP G3(SEI;2110S;Sif PD;kovar HS),-,2000,280-1595,1/22/24,1200,f,-,-,-,-,-,-,-,-,-,-,-,-,-,-,-,-,-,-,-,-,-,-
WOOABSU102,OB BOM;COP G3(SEI;2110S;Sif PD;kovar HS),-,2000,280-1595,1/25/24,1200,f,-,-,-,-,-,-,-,-,-,-,-,-,-,-,-,-,-,-,-,-,-,-
WOOADSU113,OB BOM;COP G3(SEI;2110S;Sif PD;kovar HS),-,2000,280-1595,2/10/24,1200,f,-,-,-,-,-,-,-,-,-,-,-,-,-,-,-,-,-,-,-,-,-,-
WOOADSU114,OB BOM;COP G3(SEI;2110S;Sif PD;kovar HS),-,2000,280-1595,2/12/24,1200,f,-,-,-,-,-,-,-,-,-,-,-,-,-,-,-,-,-,-,-,-,-,-
WOOADSU115,OB BOM;COP G3(SEI;2110S;Sif PD;kovar HS),-,2000,280-1595,2/15/24,1200,f,-,-,-,-,-,-,-,-,-,-,-,-,-,-,-,-,-,-,-,-,-,-
WOOAISU107,OB BOM;COP G3(SEI;2110S;Sif PD;kovar HS),-,2000,280-1595,3/16/24,1200,f,-,-,-,-,-,-,-,-,-,-,-,-,-,-,-,-,-,-,-,-,-,-
WOOAISU101,OB BOM;COP G3(SEI;2110S;Sif PD;kovar HS),-,2000,280-1595,3/14/24,1200,f,-,-,-,-,-,-,-,-,-,-,-,-,-,-,-,-,-,-,-,-,-,-
WOOAESU101,OB BOM;COP G3(SEI;2110S;Sif PD;kovar HS),-,2000,280-1595,2/17/24,1200,f,-,-,-,-,-,-,-,-,-,-,-,-,-,-,-,-,-,-,-,-,-,-
WOOACSU106,OB BOM;COP G3(SEI;2110S;Sif PD;kovar HS),-,2000,280-1595,2/2/24,1200,f,-,-,-,-,-,-,-,-,-,-,-,-,-,-,-,-,-,-,-,-,-,-
WOOAKSU114,OB BOM;COP G3(SEI;2110S;Sif PD;kovar HS),-,2000,280-1595,4/2/24,1200,f,-,-,-,-,-,-,-,-,-,-,-,-,-,-,-,-,-,-,-,-,-,-
WOOAISU113,OB BOM;COP G3(SEI;2110S;Sif PD;kovar HS),-,2000,280-1595,3/17/24,1200,f,-,-,-,-,-,-,-,-,-,-,-,-,-,-,-,-,-,-,-,-,-,-
WOOALSU121,OB BOM;COP G3(SEI;2110S;Sif PD;kovar HS),-,2000,280-1595,4/7/24,1200,f,-,-,-,-,-,-,-,-,-,-,-,-,-,-,-,-,-,-,-,-,-,-
WOOAJJA111,PEI Lens&Narrowed Cover Ass;100G Gen3.1,-,2000,280-2019-CD,3/20/24,1200,f,-,-,-,-,-,-,-,-,-,-,-,-,-,-,-,-,-,-,-,-,-,-
WOOAJJA112,PEI Lens&Narrowed Cover Ass;100G Gen3.1,-,2000,280-2019-CD,3/20/24,1200,f,-,-,-,-,-,-,-,-,-,-,-,-,-,-,-,-,-,-,-,-,-,-
WOOAFOB114,BOSA Assembly BOM;COP Gen3 (CB merger),-,2000,260-0325,3/19/24,2000,f,-,-,-,-,-,-,-,-,-,-,-,-,-,-,-,-,-,-,-,-,-,-
WOOALOB101,BOSA Assembly BOM;COP Gen3 (CB merger),-,2000,260-0325,4/21/24,2000,f,-,-,-,-,-,-,-,-,-,-,-,-,-,-,-,-,-,-,-,-,-,-
WOOADOB119,BOSA Assembly BOM;COP Gen3 (CB merger),-,2000,260-0325,3/3/24,2000,f,-,-,-,-,-,-,-,-,-,-,-,-,-,-,-,-,-,-,-,-,-,-
WOOADOB121,BOSA Assembly BOM;COP Gen3 (CB merger),-,2000,260-0325,3/5/24,2000,f,-,-,-,-,-,-,-,-,-,-,-,-,-,-,-,-,-,-,-,-,-,-
WOOAIOB109,BOSA Assembly BOM;COP Gen3 (CB merger),-,2000,260-0325,4/2/24,2000,f,-,-,-,-,-,-,-,-,-,-,-,-,-,-,-,-,-,-,-,-,-,-
WOOAKOB112,BOSA Assembly BOM;COP Gen3 (CB merger),-,2000,260-0325,4/18/24,2000,f,-,-,-,-,-,-,-,-,-,-,-,-,-,-,-,-,-,-,-,-,-,-
WOOACOB108,BOSA Assembly BOM;COP Gen3 (CB merger),-,2000,260-0325,2/19/24,2000,f,-,-,-,-,-,-,-,-,-,-,-,-,-,-,-,-,-,-,-,-,-,-
WOOAFOB112,BOSA Assembly BOM;COP Gen3 (CB merger),-,2000,260-0325,3/19/24,2000,f,-,-,-,-,-,-,-,-,-,-,-,-,-,-,-,-,-,-,-,-,-,-
WOOACOB113,BOSA Assembly BOM;COP Gen3 (CB merger),-,2000,260-0325,2/22/24,2000,f,-,-,-,-,-,-,-,-,-,-,-,-,-,-,-,-,-,-,-,-,-,-
WOOAGOB105,BOSA Assembly BOM;COP Gen3 (CB merger),-,2000,260-0325,3/22/24,2000,f,-,-,-,-,-,-,-,-,-,-,-,-,-,-,-,-,-,-,-,-,-,-
WOOAJOB105,BOSA Assembly BOM;COP Gen3 (CB merger),-,2000,260-0325,4/9/24,2000,f,-,-,-,-,-,-,-,-,-,-,-,-,-,-,-,-,-,-,-,-,-,-
WOOADOB116,BOSA Assembly BOM;COP Gen3 (CB merger),-,2000,260-0325,2/27/24,2000,f,-,-,-,-,-,-,-,-,-,-,-,-,-,-,-,-,-,-,-,-,-,-
WOOAHOB111,BOSA Assembly BOM;COP Gen3 (CB merger),-,2000,260-0325,3/28/24,2000,f,-,-,-,-,-,-,-,-,-,-,-,-,-,-,-,-,-,-,-,-,-,-
WOOABOB107,BOSA Assembly BOM;COP Gen3 (CB merger),-,2000,260-0325,2/12/24,2000,f,-,-,-,-,-,-,-,-,-,-,-,-,-,-,-,-,-,-,-,-,-,-
WOOALOB112,BOSA Assembly BOM;COP Gen3 (CB merger),-,2000,260-0325,5/1/24,3000,f,-,-,-,-,-,-,-,-,-,-,-,-,-,-,-,-,-,-,-,-,-,-
WOOALOB113,BOSA Assembly BOM;COP Gen3 (CB merger),-,2000,260-0325,5/1/24,2000,f,-,-,-,-,-,-,-,-,-,-,-,-,-,-,-,-,-,-,-,-,-,-
WOOALOB114,BOSA Assembly BOM;COP Gen3 (CB merger),-,2000,260-0325,5/1/24,2000,f,-,-,-,-,-,-,-,-,-,-,-,-,-,-,-,-,-,-,-,-,-,-
WOOALOB115,BOSA Assembly BOM;COP Gen3 (CB merger),-,2000,260-0325,5/1/24,2000,f,-,-,-,-,-,-,-,-,-,-,-,-,-,-,-,-,-,-,-,-,-,-
WOOALOB116,BOSA Assembly BOM;COP Gen3 (CB merger),-,2000,260-0325,5/1/24,2000,f,-,-,-,-,-,-,-,-,-,-,-,-,-,-,-,-,-,-,-,-,-,-
WOOALOB117,BOSA Assembly BOM;COP Gen3 (CB merger),-,2000,260-0325,5/1/24,2000,f,-,-,-,-,-,-,-,-,-,-,-,-,-,-,-,-,-,-,-,-,-,-
WOOALOB118,BOSA Assembly BOM;COP Gen3 (CB merger),-,2000,260-0325,5/1/24,2000,f,-,-,-,-,-,-,-,-,-,-,-,-,-,-,-,-,-,-,-,-,-,-
ZGOALOB111,BOSA Assembly BOM;COP Gen3 (CB merger),-,2000,260-0325,5/6/24,200,f,-,-,-,-,-,-,-,-,-,-,-,-,-,-,-,-,-,-,-,-,-,-
WOOAKJA104,PEI Lens&Narrowed Cover Ass;100G Gen3.1,-,2000,280-2019-CD,3/25/24,1500,f,-,-,-,-,-,-,-,-,-,-,-,-,-,-,-,-,-,-,-,-,-,-
WOOAKJA105,PEI Lens&Narrowed Cover Ass;100G Gen3.1,-,2000,280-2019-CD,3/23/24,1500,f,-,-,-,-,-,-,-,-,-,-,-,-,-,-,-,-,-,-,-,-,-,-
WOOALJA107,PEI Lens&Narrowed Cover Ass;100G Gen3.1,-,2000,280-2019-CD,3/31/24,1500,f,-,-,-,-,-,-,-,-,-,-,-,-,-,-,-,-,-,-,-,-,-,-
WOOALJA105,PEI Lens&Narrowed Cover Ass;100G Gen3.1,-,2000,280-2019-CD,3/30/24,1500,f,-,-,-,-,-,-,-,-,-,-,-,-,-,-,-,-,-,-,-,-,-,-
WOOAIE16,Q28 SR4 G3 100m Sony Vcsel Cisco,-,2000,500-5481,3/29/24,1000,f,-,-,-,-,-,-,-,-,-,-,-,-,-,-,-,-,-,-,-,-,-,-
WOOACE01,Q28 SR4 G3 100m Sony Vcsel Cisco,-,2000,500-5481,2/13/24,1500,f,-,-,-,-,-,-,-,-,-,-,-,-,-,-,-,-,-,-,-,-,-,-
WOOABE09,Q28 SR4 G3 100m Sony Vcsel Cisco,-,2000,500-5481,2/8/24,1500,f,-,-,-,-,-,-,-,-,-,-,-,-,-,-,-,-,-,-,-,-,-,-
WOOAFE13,Q28 SR4 G3 100m Sony Vcsel Cisco,-,2000,500-5481,3/4/24,2000,f,-,-,-,-,-,-,-,-,-,-,-,-,-,-,-,-,-,-,-,-,-,-
WOOAFE15,Q28 SR4 G3 100m Sony Vcsel Cisco,-,2000,500-5481,3/5/24,2000,f,-,-,-,-,-,-,-,-,-,-,-,-,-,-,-,-,-,-,-,-,-,-
WOOAFE16,Q28 SR4 G3 100m Sony Vcsel Cisco,-,2000,500-5481,3/10/24,2000,f,-,-,-,-,-,-,-,-,-,-,-,-,-,-,-,-,-,-,-,-,-,-
WOOAFE17,Q28 SR4 G3 100m Sony Vcsel Cisco,-,2000,500-5481,3/12/24,2000,f,-,-,-,-,-,-,-,-,-,-,-,-,-,-,-,-,-,-,-,-,-,-
WOOACE08,Q28 SR4 G3 100m Sony Vcsel Cisco,-,2000,500-5481,2/14/24,1500,f,-,-,-,-,-,-,-,-,-,-,-,-,-,-,-,-,-,-,-,-,-,-
WOOADE38,Q28 SR4 G3 100m Sony Vcsel Cisco,-,2000,500-5481,2/28/24,2500,f,-,-,-,-,-,-,-,-,-,-,-,-,-,-,-,-,-,-,-,-,-,-
WOOAJE04,Q28 SR4 G3 100m Sony Vcsel Cisco,-,2000,500-5481,3/30/24,1500,f,-,-,-,-,-,-,-,-,-,-,-,-,-,-,-,-,-,-,-,-,-,-
WOOABE01,Q28 SR4 G3 100m Sony Vcsel Cisco,-,2000,500-5481,2/6/24,1500,f,-,-,-,-,-,-,-,-,-,-,-,-,-,-,-,-,-,-,-,-,-,-
WOOAAE22,Q28 SR4 G3 100m Sony Vcsel Cisco,-,2000,500-5481,2/2/24,1500,f,-,-,-,-,-,-,-,-,-,-,-,-,-,-,-,-,-,-,-,-,-,-
WOOAKE05,Q28 SR4 G3 100m Sony Vcsel Cisco,-,2000,500-5481,4/10/24,1000,f,-,-,-,-,-,-,-,-,-,-,-,-,-,-,-,-,-,-,-,-,-,-
WOOADE39,Q28 SR4 G3 100m Sony Vcsel Cisco,-,2000,500-5481,3/1/24,2500,f,-,-,-,-,-,-,-,-,-,-,-,-,-,-,-,-,-,-,-,-,-,-
WOOADE24,Q28 SR4 G3 100m Sony Vcsel Cisco,-,2000,500-5481,2/22/24,1000,f,-,-,-,-,-,-,-,-,-,-,-,-,-,-,-,-,-,-,-,-,-,-
WOOAHE21,Q28 SR4 G3 100m Sony Vcsel Cisco,-,2000,500-5481,3/22/24,1500,f,-,-,-,-,-,-,-,-,-,-,-,-,-,-,-,-,-,-,-,-,-,-
WOOAAE05,Q28 SR4 G3 100m Sony Vcsel Cisco,-,2000,500-5481,1/31/24,1500,f,-,-,-,-,-,-,-,-,-,-,-,-,-,-,-,-,-,-,-,-,-,-
WOOAJE11,Q28 SR4 G3 100m Sony Vcsel Cisco,-,2000,500-5481,4/3/24,1000,f,-,-,-,-,-,-,-,-,-,-,-,-,-,-,-,-,-,-,-,-,-,-
WOOACE20,Q28 SR4 G3 100m Sony Vcsel Cisco,-,2000,500-5481,2/17/24,2300,f,-,-,-,-,-,-,-,-,-,-,-,-,-,-,-,-,-,-,-,-,-,-
WOOABE18,Q28 SR4 G3 100m Sony Vcsel Cisco,-,2000,500-5481,2/10/24,1000,f,-,-,-,-,-,-,-,-,-,-,-,-,-,-,-,-,-,-,-,-,-,-
WOOAIE23,Q28 SR4 G3 100m Sony Vcsel Cisco,-,2000,500-5481,3/30/24,1500,f,-,-,-,-,-,-,-,-,-,-,-,-,-,-,-,-,-,-,-,-,-,-
WOOAHA11,Q28 CWDM4 Gen3;H3C(SEI;GN2105B+GN2110S),-,2000,500-5773,3/23/24,1000,f,-,-,-,-,-,-,-,-,-,-,-,-,-,-,-,-,-,-,-,-,-,-
WOOAIA02,Q28 CWDM4 Gen3;H3C(SEI;GN2105B+GN2110S),-,2000,500-5773,3/30/24,1000,f,-,-,-,-,-,-,-,-,-,-,-,-,-,-,-,-,-,-,-,-,-,-
WOOAJA03,Q28 CWDM4 Gen3;H3C(SEI;GN2105B+GN2110S),-,2000,500-5773,4/5/24,1500,f,-,-,-,-,-,-,-,-,-,-,-,-,-,-,-,-,-,-,-,-,-,-
WOOAIA13,Q28 CWDM4 Gen3;H3C(SEI;GN2105B+GN2110S),-,2000,500-5773,4/3/24,1500,f,-,-,-,-,-,-,-,-,-,-,-,-,-,-,-,-,-,-,-,-,-,-
WOOADE15,OE BOM;100G SR4 GEN3 with Sony Vcsel,-,2000,504-1936,2/28/24,3000,f,-,-,-,-,-,-,-,-,-,-,-,-,-,-,-,-,-,-,-,-,-,-
WOOAAE28,OE BOM;100G SR4 GEN3 with Sony Vcsel,-,2000,504-1936,2/3/24,1500,f,-,-,-,-,-,-,-,-,-,-,-,-,-,-,-,-,-,-,-,-,-,-
WOOAAE24,OE BOM;100G SR4 GEN3 with Sony Vcsel,-,2000,504-1936,2/2/24,1000,f,-,-,-,-,-,-,-,-,-,-,-,-,-,-,-,-,-,-,-,-,-,-
WOOAHE25,OE BOM;100G SR4 GEN3 with Sony Vcsel,-,2000,504-1936,3/23/24,2500,f,-,-,-,-,-,-,-,-,-,-,-,-,-,-,-,-,-,-,-,-,-,-
WOOAHE08,OE BOM;100G SR4 GEN3 with Sony Vcsel,-,2000,504-1936,3/21/24,2500,f,-,-,-,-,-,-,-,-,-,-,-,-,-,-,-,-,-,-,-,-,-,-
WOOACE31,OE BOM;100G SR4 GEN3 with Sony Vcsel,-,2000,504-1936,2/17/24,2000,f,-,-,-,-,-,-,-,-,-,-,-,-,-,-,-,-,-,-,-,-,-,-
WOOACE15,OE BOM;100G SR4 GEN3 with Sony Vcsel,-,2000,504-1936,2/15/24,2500,f,-,-,-,-,-,-,-,-,-,-,-,-,-,-,-,-,-,-,-,-,-,-
WOOAAE11,OE BOM;100G SR4 GEN3 with Sony Vcsel,-,2000,504-1936,1/31/24,1500,f,-,-,-,-,-,-,-,-,-,-,-,-,-,-,-,-,-,-,-,-,-,-
WOOAHE02,OE BOM;100G SR4 GEN3 with Sony Vcsel,-,2000,504-1936,3/19/24,2000,f,-,-,-,-,-,-,-,-,-,-,-,-,-,-,-,-,-,-,-,-,-,-
WOOACE05,OE BOM;100G SR4 GEN3 with Sony Vcsel,-,2000,504-1936,2/13/24,2000,f,-,-,-,-,-,-,-,-,-,-,-,-,-,-,-,-,-,-,-,-,-,-
WOOAFE10,OE BOM;100G SR4 GEN3 with Sony Vcsel,-,2000,504-1936,3/8/24,2500,f,-,-,-,-,-,-,-,-,-,-,-,-,-,-,-,-,-,-,-,-,-,-
WOOAFE08,OE BOM;100G SR4 GEN3 with Sony Vcsel,-,2000,504-1936,3/5/24,2000,f,-,-,-,-,-,-,-,-,-,-,-,-,-,-,-,-,-,-,-,-,-,-
WOOAFE12,OE BOM;100G SR4 GEN3 with Sony Vcsel,-,2000,504-1936,3/12/24,2500,f,-,-,-,-,-,-,-,-,-,-,-,-,-,-,-,-,-,-,-,-,-,-
WOOAIE08,OE BOM;100G SR4 GEN3 with Sony Vcsel,-,2000,504-1936,3/26/24,1000,f,-,-,-,-,-,-,-,-,-,-,-,-,-,-,-,-,-,-,-,-,-,-
WOOADE36,OE BOM;100G SR4 GEN3 with Sony Vcsel,-,2000,504-1936,2/29/24,2000,f,-,-,-,-,-,-,-,-,-,-,-,-,-,-,-,-,-,-,-,-,-,-
WOOABE14,OE BOM;100G SR4 GEN3 with Sony Vcsel,-,2000,504-1936,2/10/24,2500,f,-,-,-,-,-,-,-,-,-,-,-,-,-,-,-,-,-,-,-,-,-,-
WOOAA27114,TX COC;CWDM4 COP(sumitomo DFB 1270nm),-,2000,280-1480-27,1/23/24,2000,f,-,-,-,-,-,-,-,-,-,-,-,-,-,-,-,-,-,-,-,-,-,-
WOOAB27106,TX COC;CWDM4 COP(sumitomo DFB 1270nm),-,2000,280-1480-27,1/26/24,2000,f,-,-,-,-,-,-,-,-,-,-,-,-,-,-,-,-,-,-,-,-,-,-
WOOAI27102,TX COC;CWDM4 COP(sumitomo DFB 1270nm),-,2000,280-1480-27,3/14/24,2000,f,-,-,-,-,-,-,-,-,-,-,-,-,-,-,-,-,-,-,-,-,-,-
WOOAJ27102,TX COC;CWDM4 COP(sumitomo DFB 1270nm),-,2000,280-1480-27,3/22/24,2000,f,-,-,-,-,-,-,-,-,-,-,-,-,-,-,-,-,-,-,-,-,-,-
WOOAL27106,TX COC;CWDM4 COP(sumitomo DFB 1270nm),-,2000,280-1480-27,4/4/24,2000,f,-,-,-,-,-,-,-,-,-,-,-,-,-,-,-,-,-,-,-,-,-,-
WOOAF27102,TX COC;CWDM4 COP(sumitomo DFB 1270nm),-,2000,280-1480-27,2/26/24,2000,f,-,-,-,-,-,-,-,-,-,-,-,-,-,-,-,-,-,-,-,-,-,-
WOOAF27103,TX COC;CWDM4 COP(sumitomo DFB 1270nm),-,2000,280-1480-27,2/26/24,2000,f,-,-,-,-,-,-,-,-,-,-,-,-,-,-,-,-,-,-,-,-,-,-
WOOAI27105,TX COC;CWDM4 COP(sumitomo DFB 1270nm),-,2000,280-1480-27,3/15/24,1100,f,-,-,-,-,-,-,-,-,-,-,-,-,-,-,-,-,-,-,-,-,-,-
WOOAD27107,TX COC;CWDM4 COP(sumitomo DFB 1270nm),-,2000,280-1480-27,2/9/24,1800,f,-,-,-,-,-,-,-,-,-,-,-,-,-,-,-,-,-,-,-,-,-,-
WOOAD27108,TX COC;CWDM4 COP(sumitomo DFB 1270nm),-,2000,280-1480-27,2/9/24,2000,f,-,-,-,-,-,-,-,-,-,-,-,-,-,-,-,-,-,-,-,-,-,-
WOOAH27103,TX COC;CWDM4 COP(sumitomo DFB 1270nm),-,2000,280-1480-27,3/8/24,1100,f,-,-,-,-,-,-,-,-,-,-,-,-,-,-,-,-,-,-,-,-,-,-
WOOAG27101,TX COC;CWDM4 COP(sumitomo DFB 1270nm),-,2000,280-1480-27,3/4/24,2000,f,-,-,-,-,-,-,-,-,-,-,-,-,-,-,-,-,-,-,-,-,-,-
WOOAJ27109,TX COC;CWDM4 COP(sumitomo DFB 1270nm),-,2000,280-1480-27,3/24/24,2000,f,-,-,-,-,-,-,-,-,-,-,-,-,-,-,-,-,-,-,-,-,-,-
WOOAG27106,TX COC;CWDM4 COP(sumitomo DFB 1270nm),-,2000,280-1480-27,3/6/24,2000,f,-,-,-,-,-,-,-,-,-,-,-,-,-,-,-,-,-,-,-,-,-,-
WOOAK27102,TX COC;CWDM4 COP(sumitomo DFB 1270nm),-,2000,280-1480-27,3/28/24,2000,f,-,-,-,-,-,-,-,-,-,-,-,-,-,-,-,-,-,-,-,-,-,-
WOOAH27106,TX COC;CWDM4 COP(sumitomo DFB 1270nm),-,2000,280-1480-27,3/10/24,2000,f,-,-,-,-,-,-,-,-,-,-,-,-,-,-,-,-,-,-,-,-,-,-
WOOAK27110,TX COC;CWDM4 COP(sumitomo DFB 1270nm),-,2000,280-1480-27,3/31/24,2000,f,-,-,-,-,-,-,-,-,-,-,-,-,-,-,-,-,-,-,-,-,-,-
WOOAC27102,TX COC;CWDM4 COP(sumitomo DFB 1270nm),-,2000,280-1480-27,2/1/24,2000,f,-,-,-,-,-,-,-,-,-,-,-,-,-,-,-,-,-,-,-,-,-,-
WOOAI27112,TX COC;CWDM4 COP(sumitomo DFB 1270nm),-,2000,280-1480-27,3/17/24,2100,f,-,-,-,-,-,-,-,-,-,-,-,-,-,-,-,-,-,-,-,-,-,-
WOOAKA07,100G QSFP28 CWDM4 Gen3;Tencent(SEI;Sif),-,2000,500-5595,4/13/24,1500,f,-,-,-,-,-,-,-,-,-,-,-,-,-,-,-,-,-,-,-,-,-,-
WOOAJE03,100G Q28 SR4 G3;Sony Vcsel Cisco,-,2000,500-5703,3/30/24,600,f,-,-,-,-,-,-,-,-,-,-,-,-,-,-,-,-,-,-,-,-,-,-
WOOAIE15,100G Q28 SR4 G3;Sony Vcsel Cisco,-,2000,500-5703,3/28/24,300,f,-,-,-,-,-,-,-,-,-,-,-,-,-,-,-,-,-,-,-,-,-,-
WOOAJE10,100G Q28 SR4 G3;Sony Vcsel Cisco,-,2000,500-5703,4/2/24,500,f,-,-,-,-,-,-,-,-,-,-,-,-,-,-,-,-,-,-,-,-,-,-
WOOACJA111,Molding Lens&Al Cover Sub-Ass;CWDM4 Gen3,-,2000,280-1391,2/5/24,1200,f,-,-,-,-,-,-,-,-,-,-,-,-,-,-,-,-,-,-,-,-,-,-
WOOAAJA101,Molding Lens&Al Cover Sub-Ass;CWDM4 Gen3,-,2000,280-1391,1/19/24,1200,f,-,-,-,-,-,-,-,-,-,-,-,-,-,-,-,-,-,-,-,-,-,-
WOOAJJA103,Molding Lens&Al Cover Sub-Ass;CWDM4 Gen3,-,2000,280-1391,3/22/24,1200,f,-,-,-,-,-,-,-,-,-,-,-,-,-,-,-,-,-,-,-,-,-,-
WOOADJA101,Molding Lens&Al Cover Sub-Ass;CWDM4 Gen3,-,2000,280-1391,2/8/24,1200,f,-,-,-,-,-,-,-,-,-,-,-,-,-,-,-,-,-,-,-,-,-,-
WOOAIJA101,Molding Lens&Al Cover Sub-Ass;CWDM4 Gen3,-,2000,280-1391,3/14/24,1200,f,-,-,-,-,-,-,-,-,-,-,-,-,-,-,-,-,-,-,-,-,-,-
WOOAIJA107,Molding Lens&Al Cover Sub-Ass;CWDM4 Gen3,-,2000,280-1391,3/16/24,1200,f,-,-,-,-,-,-,-,-,-,-,-,-,-,-,-,-,-,-,-,-,-,-
WOOAEJA101,Molding Lens&Al Cover Sub-Ass;CWDM4 Gen3,-,2000,280-1391,2/17/24,1200,f,-,-,-,-,-,-,-,-,-,-,-,-,-,-,-,-,-,-,-,-,-,-
WOOAAJA110,Molding Lens&Al Cover Sub-Ass;CWDM4 Gen3,-,2000,280-1391,1/22/24,1200,f,-,-,-,-,-,-,-,-,-,-,-,-,-,-,-,-,-,-,-,-,-,-
WOOAAJA109,Molding Lens&Al Cover Sub-Ass;CWDM4 Gen3,-,2000,280-1391,1/21/24,1200,f,-,-,-,-,-,-,-,-,-,-,-,-,-,-,-,-,-,-,-,-,-,-
WOOADJA113,Molding Lens&Al Cover Sub-Ass;CWDM4 Gen3,-,2000,280-1391,2/10/24,1200,f,-,-,-,-,-,-,-,-,-,-,-,-,-,-,-,-,-,-,-,-,-,-
WOOADJA114,Molding Lens&Al Cover Sub-Ass;CWDM4 Gen3,-,2000,280-1391,2/12/24,1200,f,-,-,-,-,-,-,-,-,-,-,-,-,-,-,-,-,-,-,-,-,-,-
WOOADJA115,Molding Lens&Al Cover Sub-Ass;CWDM4 Gen3,-,2000,280-1391,2/15/24,1200,f,-,-,-,-,-,-,-,-,-,-,-,-,-,-,-,-,-,-,-,-,-,-
WOOAIJA113,Molding Lens&Al Cover Sub-Ass;CWDM4 Gen3,-,2000,280-1391,3/17/24,1200,f,-,-,-,-,-,-,-,-,-,-,-,-,-,-,-,-,-,-,-,-,-,-
WOOABJA116,Molding Lens&Al Cover Sub-Ass;CWDM4 Gen3,-,2000,280-1391,1/29/24,1200,f,-,-,-,-,-,-,-,-,-,-,-,-,-,-,-,-,-,-,-,-,-,-
WOOABJA121,Molding Lens&Al Cover Sub-Ass;CWDM4 Gen3,-,2000,280-1391,2/1/24,1200,f,-,-,-,-,-,-,-,-,-,-,-,-,-,-,-,-,-,-,-,-,-,-
WOOAIJA118,Molding Lens&Al Cover Sub-Ass;CWDM4 Gen3,-,2000,280-1391,3/19/24,1200,f,-,-,-,-,-,-,-,-,-,-,-,-,-,-,-,-,-,-,-,-,-,-
WOOACJA106,Molding Lens&Al Cover Sub-Ass;CWDM4 Gen3,-,2000,280-1391,2/2/24,1200,f,-,-,-,-,-,-,-,-,-,-,-,-,-,-,-,-,-,-,-,-,-,-
WOOABJA102,Molding Lens&Al Cover Sub-Ass;CWDM4 Gen3,-,2000,280-1391,1/25/24,1200,f,-,-,-,-,-,-,-,-,-,-,-,-,-,-,-,-,-,-,-,-,-,-
WOOABJA108,Molding Lens&Al Cover Sub-Ass;CWDM4 Gen3,-,2000,280-1391,1/27/24,1200,f,-,-,-,-,-,-,-,-,-,-,-,-,-,-,-,-,-,-,-,-,-,-
WOOALJA121,Molding Lens&Al Cover Sub-Ass;CWDM4 Gen3,-,2000,280-1391,4/7/24,785,f,-,-,-,-,-,-,-,-,-,-,-,-,-,-,-,-,-,-,-,-,-,-
WOOAJE25,100G SR4 G3(2108S/09S;Sony Vcsel )Std,-,2000,500-5359,4/3/24,1000,f,-,-,-,-,-,-,-,-,-,-,-,-,-,-,-,-,-,-,-,-,-,-
WOOAHE17,100G SR4 G3(2108S/09S;Sony Vcsel )Std,-,2000,500-5359,3/19/24,600,f,-,-,-,-,-,-,-,-,-,-,-,-,-,-,-,-,-,-,-,-,-,-
WOOAKE04,100G SR4 G3(2108S/09S;Sony Vcsel )Std,-,2000,500-5359,4/8/24,500,f,-,-,-,-,-,-,-,-,-,-,-,-,-,-,-,-,-,-,-,-,-,-
WOOACA07,100G Q28 CWDM4 Gen3;BD(SEI;2105B+2110S),-,2000,500-6204,2/16/24,1000,f,-,-,-,-,-,-,-,-,-,-,-,-,-,-,-,-,-,-,-,-,-,-
WOOAAA18,100G Q28 CWDM4 Gen3;BD(SEI;2105B+2110S),-,2000,500-6204,2/7/24,1000,f,-,-,-,-,-,-,-,-,-,-,-,-,-,-,-,-,-,-,-,-,-,-
WOOABA05,100G Q28 CWDM4 Gen3;BD(SEI;2105B+2110S),-,2000,500-6204,2/10/24,1000,f,-,-,-,-,-,-,-,-,-,-,-,-,-,-,-,-,-,-,-,-,-,-
WOOAAA06,100G Q28 CWDM4 Gen3;BD(SEI;2105B+2110S),-,2000,500-6204,2/3/24,1500,f,-,-,-,-,-,-,-,-,-,-,-,-,-,-,-,-,-,-,-,-,-,-
120-0046_1000_20231117,Inductor;10uH;20%;0603;lead free,-,1000,120-0046,11/17/2023,288000,f,-,-,-,-,-,-,-,-,-,-,-,-,-,-,-,-,-,-,-,-,-,-
110-0099_5000_20231006,Resistor;1%;0201;100K ohm,-,5000,110-0099,10/06/2023,30000,f,-,-,-,-,-,-,-,-,-,-,-,-,-,-,-,-,-,-,-,-,-,-
110-0311_5000_20231006,Resistor;0201;1%;1K ohm,-,5000,110-0311,10/06/2023,40000,f,-,-,-,-,-,-,-,-,-,-,-,-,-,-,-,-,-,-,-,-,-,-
110-0001_5000_20231006,Resistor;0201;0.5A;0 ohm,-,5000,110-0001,10/06/2023,60000,f,-,-,-,-,-,-,-,-,-,-,-,-,-,-,-,-,-,-,-,-,-,-
110-0298_5000_20231006,Resistor;0201;1%;0.05W;39K ohm,-,5000,110-0298,10/06/2023,10000,f,-,-,-,-,-,-,-,-,-,-,-,-,-,-,-,-,-,-,-,-,-,-
504-1877_1000_20230116,PCBA;COP Gen3;prevent Vulcanizati,-,1000,504-1877,01/16/2023,67,f,-,-,-,-,-,-,-,-,-,-,-,-,-,-,-,-,-,-,-,-,-,-
110-0064_5000_20231006,Resistor;0201;1%;10K ohm,-,5000,110-0064,10/06/2023,170000,f,-,-,-,-,-,-,-,-,-,-,-,-,-,-,-,-,-,-,-,-,-,-
110-0241_5000_20231006,Resistor;0201;1%;4.7K ohm,-,5000,110-0241,10/06/2023,60000,f,-,-,-,-,-,-,-,-,-,-,-,-,-,-,-,-,-,-,-,-,-,-
283-0110-29_1000_20231230,MQW-DFB Laser chip;1287 to 1292nm,-,1000,283-0110-29,12/30/2023,3439,f,-,-,-,-,-,-,-,-,-,-,-,-,-,-,-,-,-,-,-,-,-,-
283-0110-29_1000_20240110,MQW-DFB Laser chip;1287 to 1292nm,-,1000,283-0110-29,01/10/2024,8994,f,-,-,-,-,-,-,-,-,-,-,-,-,-,-,-,-,-,-,-,-,-,-
283-0110-33_1000_20231230,MQW-DFB Laser chip;1327 to 1332nm,-,1000,283-0110-33,12/30/2023,761,f,-,-,-,-,-,-,-,-,-,-,-,-,-,-,-,-,-,-,-,-,-,-
283-0110-33_1000_20240110,MQW-DFB Laser chip;1327 to 1332nm,-,1000,283-0110-33,01/10/2024,9724,f,-,-,-,-,-,-,-,-,-,-,-,-,-,-,-,-,-,-,-,-,-,-
310-0147_1000_20240420,Epoxy;Innolight;T-16;30ml/,-,1000,310-0147,04/20/2024,9150,f,-,-,-,-,-,-,-,-,-,-,-,-,-,-,-,-,-,-,-,-,-,-
310-0368_1000_20240415,Epoxy;Innolight;T-48;18G/,-,1000,310-0368,04/15/2024,14220,f,-,-,-,-,-,-,-,-,-,-,-,-,-,-,-,-,-,-,-,-,-,-
